epoch,avg_train_loss,val_loss,model
0,0.00009512,0.00000997,RevIN-CNN-iTransformer-BiLSTM
1,0.00004354,0.00000610,RevIN-CNN-iTransformer-BiLSTM
2,0.00002080,0.00000336,RevIN-CNN-iTransformer-BiLSTM
3,0.00001111,0.00000167,RevIN-CNN-iTransformer-BiLSTM
4,0.00000485,0.00000108,RevIN-CNN-iTransformer-BiLSTM
5,0.00000550,0.00000102,RevIN-CNN-iTransformer-BiLSTM
6,0.00000300,0.00000104,RevIN-CNN-iTransformer-BiLSTM
7,0.00002753,0.00000087,RevIN-CNN-iTransformer-BiLSTM
8,0.00000247,0.00000108,RevIN-CNN-iTransformer-BiLSTM
9,0.00000407,0.00000079,RevIN-CNN-iTransformer-BiLSTM
10,0.00000359,0.00000078,RevIN-CNN-iTransformer-BiLSTM
11,0.00000519,0.00000079,RevIN-CNN-iTransformer-BiLSTM
12,0.00000303,0.00000078,RevIN-CNN-iTransformer-BiLSTM
13,0.00000222,0.00000076,RevIN-CNN-iTransformer-BiLSTM
14,0.00000276,0.00000067,RevIN-CNN-iTransformer-BiLSTM
15,0.00000177,0.00000074,RevIN-CNN-iTransformer-BiLSTM
16,0.00000242,0.00000067,RevIN-CNN-iTransformer-BiLSTM
17,0.00000195,0.00000069,RevIN-CNN-iTransformer-BiLSTM
18,0.00000243,0.00000069,RevIN-CNN-iTransformer-BiLSTM
19,0.00000153,0.00000060,RevIN-CNN-iTransformer-BiLSTM
20,0.00000154,0.00000062,RevIN-CNN-iTransformer-BiLSTM
21,0.00000165,0.00000064,RevIN-CNN-iTransformer-BiLSTM
22,0.00000148,0.00000063,RevIN-CNN-iTransformer-BiLSTM
23,0.00000173,0.00000059,RevIN-CNN-iTransformer-BiLSTM
24,0.00000153,0.00000060,RevIN-CNN-iTransformer-BiLSTM
25,0.00000140,0.00000058,RevIN-CNN-iTransformer-BiLSTM
26,0.00000143,0.00000056,RevIN-CNN-iTransformer-BiLSTM
27,0.00000167,0.00000055,RevIN-CNN-iTransformer-BiLSTM
28,0.00000145,0.00000057,RevIN-CNN-iTransformer-BiLSTM
29,0.00000150,0.00000056,RevIN-CNN-iTransformer-BiLSTM
30,0.00000165,0.00000055,RevIN-CNN-iTransformer-BiLSTM
31,0.00000239,0.00000059,RevIN-CNN-iTransformer-BiLSTM
32,0.00000203,0.00000052,RevIN-CNN-iTransformer-BiLSTM
33,0.00000132,0.00000060,RevIN-CNN-iTransformer-BiLSTM
34,0.00000165,0.00000053,RevIN-CNN-iTransformer-BiLSTM
35,0.00000121,0.00000059,RevIN-CNN-iTransformer-BiLSTM
36,0.00000117,0.00000053,RevIN-CNN-iTransformer-BiLSTM
37,0.00000098,0.00000049,RevIN-CNN-iTransformer-BiLSTM
38,0.00000103,0.00000054,RevIN-CNN-iTransformer-BiLSTM
39,0.00000116,0.00000051,RevIN-CNN-iTransformer-BiLSTM
40,0.00000142,0.00000051,RevIN-CNN-iTransformer-BiLSTM
41,0.00000133,0.00000050,RevIN-CNN-iTransformer-BiLSTM
42,0.00000103,0.00000055,RevIN-CNN-iTransformer-BiLSTM
43,0.00000091,0.00000055,RevIN-CNN-iTransformer-BiLSTM
44,0.00000149,0.00000051,RevIN-CNN-iTransformer-BiLSTM
45,0.00000067,0.00000052,RevIN-CNN-iTransformer-BiLSTM
46,0.00000104,0.00000054,RevIN-CNN-iTransformer-BiLSTM
47,0.00000098,0.00000057,RevIN-CNN-iTransformer-BiLSTM
48,0.00000122,0.00000054,RevIN-CNN-iTransformer-BiLSTM
49,0.00000109,0.00000056,RevIN-CNN-iTransformer-BiLSTM
50,0.00000123,0.00000051,RevIN-CNN-iTransformer-BiLSTM
51,0.00000105,0.00000053,RevIN-CNN-iTransformer-BiLSTM
52,0.00000101,0.00000054,RevIN-CNN-iTransformer-BiLSTM
53,0.00000089,0.00000053,RevIN-CNN-iTransformer-BiLSTM
54,0.00000087,0.00000053,RevIN-CNN-iTransformer-BiLSTM
55,0.00000082,0.00000054,RevIN-CNN-iTransformer-BiLSTM
56,0.00000093,0.00000052,RevIN-CNN-iTransformer-BiLSTM
57,0.00000088,0.00000054,RevIN-CNN-iTransformer-BiLSTM
58,0.00000110,0.00000050,RevIN-CNN-iTransformer-BiLSTM
59,0.00000093,0.00000052,RevIN-CNN-iTransformer-BiLSTM
60,0.00000111,0.00000055,RevIN-CNN-iTransformer-BiLSTM
61,0.00000108,0.00000054,RevIN-CNN-iTransformer-BiLSTM
62,0.00000103,0.00000052,RevIN-CNN-iTransformer-BiLSTM
63,0.00000089,0.00000053,RevIN-CNN-iTransformer-BiLSTM
64,0.00000069,0.00000052,RevIN-CNN-iTransformer-BiLSTM
65,0.00000083,0.00000051,RevIN-CNN-iTransformer-BiLSTM
66,0.00000083,0.00000050,RevIN-CNN-iTransformer-BiLSTM
67,0.00000086,0.00000049,RevIN-CNN-iTransformer-BiLSTM
68,0.00000081,0.00000049,RevIN-CNN-iTransformer-BiLSTM
69,0.00000082,0.00000052,RevIN-CNN-iTransformer-BiLSTM
70,0.00000082,0.00000048,RevIN-CNN-iTransformer-BiLSTM
71,0.00000086,0.00000056,RevIN-CNN-iTransformer-BiLSTM
72,0.00000087,0.00000055,RevIN-CNN-iTransformer-BiLSTM
73,0.00000082,0.00000050,RevIN-CNN-iTransformer-BiLSTM
74,0.00000077,0.00000054,RevIN-CNN-iTransformer-BiLSTM
75,0.00000075,0.00000053,RevIN-CNN-iTransformer-BiLSTM
76,0.00000078,0.00000053,RevIN-CNN-iTransformer-BiLSTM
77,0.00000076,0.00000050,RevIN-CNN-iTransformer-BiLSTM
78,0.00000071,0.00000053,RevIN-CNN-iTransformer-BiLSTM
79,0.00000074,0.00000051,RevIN-CNN-iTransformer-BiLSTM
80,0.00000077,0.00000053,RevIN-CNN-iTransformer-BiLSTM
81,0.00000068,0.00000053,RevIN-CNN-iTransformer-BiLSTM
82,0.00000072,0.00000050,RevIN-CNN-iTransformer-BiLSTM
83,0.00000068,0.00000051,RevIN-CNN-iTransformer-BiLSTM
84,0.00000069,0.00000048,RevIN-CNN-iTransformer-BiLSTM
85,0.00000073,0.00000050,RevIN-CNN-iTransformer-BiLSTM
86,0.00000069,0.00000056,RevIN-CNN-iTransformer-BiLSTM
87,0.00000073,0.00000050,RevIN-CNN-iTransformer-BiLSTM
88,0.00000078,0.00000048,RevIN-CNN-iTransformer-BiLSTM
89,0.00000066,0.00000049,RevIN-CNN-iTransformer-BiLSTM
90,0.00000072,0.00000055,RevIN-CNN-iTransformer-BiLSTM
91,0.00000067,0.00000052,RevIN-CNN-iTransformer-BiLSTM
92,0.00000063,0.00000051,RevIN-CNN-iTransformer-BiLSTM
93,0.00000061,0.00000051,RevIN-CNN-iTransformer-BiLSTM
94,0.00000063,0.00000054,RevIN-CNN-iTransformer-BiLSTM
95,0.00000068,0.00000051,RevIN-CNN-iTransformer-BiLSTM
96,0.00000061,0.00000049,RevIN-CNN-iTransformer-BiLSTM
97,0.00000064,0.00000051,RevIN-CNN-iTransformer-BiLSTM
98,0.00000061,0.00000048,RevIN-CNN-iTransformer-BiLSTM
99,0.00000060,0.00000051,RevIN-CNN-iTransformer-BiLSTM
0,0.00010542,0.00001787,RevIN-CNN-Transformer-BiLSTM
1,0.00006226,0.00001579,RevIN-CNN-Transformer-BiLSTM
2,0.00002876,0.00000899,RevIN-CNN-Transformer-BiLSTM
3,0.00001789,0.00000516,RevIN-CNN-Transformer-BiLSTM
4,0.00001288,0.00000287,RevIN-CNN-Transformer-BiLSTM
5,0.00000840,0.00000213,RevIN-CNN-Transformer-BiLSTM
6,0.00000815,0.00000145,RevIN-CNN-Transformer-BiLSTM
7,0.00000472,0.00000144,RevIN-CNN-Transformer-BiLSTM
8,0.00000314,0.00000134,RevIN-CNN-Transformer-BiLSTM
9,0.00000595,0.00000120,RevIN-CNN-Transformer-BiLSTM
10,0.00000274,0.00000106,RevIN-CNN-Transformer-BiLSTM
11,0.00000436,0.00000104,RevIN-CNN-Transformer-BiLSTM
12,0.00000335,0.00000092,RevIN-CNN-Transformer-BiLSTM
13,0.00000289,0.00000091,RevIN-CNN-Transformer-BiLSTM
14,0.00004038,0.00000078,RevIN-CNN-Transformer-BiLSTM
15,0.00003951,0.00000089,RevIN-CNN-Transformer-BiLSTM
16,0.00000187,0.00000071,RevIN-CNN-Transformer-BiLSTM
17,0.00000312,0.00000076,RevIN-CNN-Transformer-BiLSTM
18,0.00000322,0.00000092,RevIN-CNN-Transformer-BiLSTM
19,0.00000597,0.00000105,RevIN-CNN-Transformer-BiLSTM
20,0.00000368,0.00000070,RevIN-CNN-Transformer-BiLSTM
21,0.00000266,0.00000074,RevIN-CNN-Transformer-BiLSTM
22,0.00000353,0.00000091,RevIN-CNN-Transformer-BiLSTM
23,0.00000198,0.00000084,RevIN-CNN-Transformer-BiLSTM
24,0.00002836,0.00000078,RevIN-CNN-Transformer-BiLSTM
25,0.00000150,0.00000079,RevIN-CNN-Transformer-BiLSTM
26,0.00000199,0.00000081,RevIN-CNN-Transformer-BiLSTM
27,0.00000268,0.00000109,RevIN-CNN-Transformer-BiLSTM
28,0.00000177,0.00000098,RevIN-CNN-Transformer-BiLSTM
29,0.00000220,0.00000091,RevIN-CNN-Transformer-BiLSTM
30,0.00000191,0.00000084,RevIN-CNN-Transformer-BiLSTM
31,0.00000248,0.00000090,RevIN-CNN-Transformer-BiLSTM
32,0.00000143,0.00000086,RevIN-CNN-Transformer-BiLSTM
33,0.00000201,0.00000090,RevIN-CNN-Transformer-BiLSTM
34,0.00000201,0.00000088,RevIN-CNN-Transformer-BiLSTM
35,0.00000263,0.00000135,RevIN-CNN-Transformer-BiLSTM
36,0.00000161,0.00000088,RevIN-CNN-Transformer-BiLSTM
37,0.00000493,0.00000091,RevIN-CNN-Transformer-BiLSTM
38,0.00000140,0.00000094,RevIN-CNN-Transformer-BiLSTM
39,0.00000143,0.00000098,RevIN-CNN-Transformer-BiLSTM
40,0.00000158,0.00000095,RevIN-CNN-Transformer-BiLSTM
41,0.00000192,0.00000100,RevIN-CNN-Transformer-BiLSTM
42,0.00000158,0.00000092,RevIN-CNN-Transformer-BiLSTM
43,0.00000126,0.00000118,RevIN-CNN-Transformer-BiLSTM
44,0.00001112,0.00000092,RevIN-CNN-Transformer-BiLSTM
45,0.00000116,0.00000097,RevIN-CNN-Transformer-BiLSTM
46,0.00000204,0.00000097,RevIN-CNN-Transformer-BiLSTM
47,0.00000180,0.00000100,RevIN-CNN-Transformer-BiLSTM
48,0.00001498,0.00000106,RevIN-CNN-Transformer-BiLSTM
49,0.00000150,0.00000101,RevIN-CNN-Transformer-BiLSTM
50,0.00000152,0.00000101,RevIN-CNN-Transformer-BiLSTM
51,0.00000153,0.00000103,RevIN-CNN-Transformer-BiLSTM
52,0.00000134,0.00000105,RevIN-CNN-Transformer-BiLSTM
53,0.00000133,0.00000104,RevIN-CNN-Transformer-BiLSTM
54,0.00000129,0.00000102,RevIN-CNN-Transformer-BiLSTM
55,0.00000130,0.00000100,RevIN-CNN-Transformer-BiLSTM
56,0.00000300,0.00000105,RevIN-CNN-Transformer-BiLSTM
57,0.00000342,0.00000112,RevIN-CNN-Transformer-BiLSTM
58,0.00000494,0.00000155,RevIN-CNN-Transformer-BiLSTM
59,0.00000444,0.00000105,RevIN-CNN-Transformer-BiLSTM
60,0.00000314,0.00000098,RevIN-CNN-Transformer-BiLSTM
61,0.00000269,0.00000095,RevIN-CNN-Transformer-BiLSTM
62,0.00000235,0.00000088,RevIN-CNN-Transformer-BiLSTM
63,0.00000221,0.00000090,RevIN-CNN-Transformer-BiLSTM
64,0.00000216,0.00000092,RevIN-CNN-Transformer-BiLSTM
65,0.00000210,0.00000093,RevIN-CNN-Transformer-BiLSTM
66,0.00000204,0.00000097,RevIN-CNN-Transformer-BiLSTM
67,0.00000197,0.00000101,RevIN-CNN-Transformer-BiLSTM
68,0.00000202,0.00000108,RevIN-CNN-Transformer-BiLSTM
69,0.00000193,0.00000099,RevIN-CNN-Transformer-BiLSTM
70,0.00000166,0.00000097,RevIN-CNN-Transformer-BiLSTM
71,0.00000140,0.00000101,RevIN-CNN-Transformer-BiLSTM
72,0.00000127,0.00000105,RevIN-CNN-Transformer-BiLSTM
73,0.00000120,0.00000102,RevIN-CNN-Transformer-BiLSTM
74,0.00000116,0.00000105,RevIN-CNN-Transformer-BiLSTM
75,0.00000110,0.00000098,RevIN-CNN-Transformer-BiLSTM
76,0.00000116,0.00000100,RevIN-CNN-Transformer-BiLSTM
77,0.00000111,0.00000097,RevIN-CNN-Transformer-BiLSTM
78,0.00000108,0.00000104,RevIN-CNN-Transformer-BiLSTM
79,0.00000117,0.00000095,RevIN-CNN-Transformer-BiLSTM
80,0.00000119,0.00000098,RevIN-CNN-Transformer-BiLSTM
81,0.00000107,0.00000095,RevIN-CNN-Transformer-BiLSTM
82,0.00000107,0.00000102,RevIN-CNN-Transformer-BiLSTM
83,0.00000109,0.00000097,RevIN-CNN-Transformer-BiLSTM
84,0.00000103,0.00000098,RevIN-CNN-Transformer-BiLSTM
85,0.00000102,0.00000098,RevIN-CNN-Transformer-BiLSTM
86,0.00000106,0.00000092,RevIN-CNN-Transformer-BiLSTM
87,0.00000107,0.00000090,RevIN-CNN-Transformer-BiLSTM
88,0.00000107,0.00000091,RevIN-CNN-Transformer-BiLSTM
89,0.00000097,0.00000102,RevIN-CNN-Transformer-BiLSTM
90,0.00000100,0.00000089,RevIN-CNN-Transformer-BiLSTM
91,0.00000096,0.00000092,RevIN-CNN-Transformer-BiLSTM
92,0.00000099,0.00000090,RevIN-CNN-Transformer-BiLSTM
93,0.00000099,0.00000090,RevIN-CNN-Transformer-BiLSTM
94,0.00000097,0.00000089,RevIN-CNN-Transformer-BiLSTM
95,0.00000089,0.00000086,RevIN-CNN-Transformer-BiLSTM
96,0.00000092,0.00000087,RevIN-CNN-Transformer-BiLSTM
97,0.00000100,0.00000085,RevIN-CNN-Transformer-BiLSTM
98,0.00000088,0.00000092,RevIN-CNN-Transformer-BiLSTM
99,0.00000092,0.00000082,RevIN-CNN-Transformer-BiLSTM
0,0.00036793,0.00005625,Transformer
1,0.00019195,0.00002832,Transformer
2,0.00011731,0.00000754,Transformer
3,0.00009518,0.00000589,Transformer
4,0.00005453,0.00003782,Transformer
5,0.00005935,0.00002195,Transformer
6,0.00009323,0.00000616,Transformer
7,0.00005879,0.00001113,Transformer
8,0.00007175,0.00000405,Transformer
9,0.00002639,0.00002047,Transformer
10,0.00002871,0.00001232,Transformer
11,0.00002614,0.00000754,Transformer
12,0.00005945,0.00000505,Transformer
13,0.00002431,0.00001513,Transformer
14,0.00005437,0.00001368,Transformer
15,0.00002000,0.00001367,Transformer
16,0.00001549,0.00001009,Transformer
17,0.00001640,0.00001162,Transformer
18,0.00001859,0.00001319,Transformer
19,0.00004331,0.00000435,Transformer
20,0.00004144,0.00000335,Transformer
21,0.00002102,0.00001262,Transformer
22,0.00001154,0.00000421,Transformer
23,0.00002623,0.00000896,Transformer
24,0.00001260,0.00001369,Transformer
25,0.00001630,0.00000681,Transformer
26,0.00001049,0.00001213,Transformer
27,0.00000841,0.00000618,Transformer
28,0.00001119,0.00001326,Transformer
29,0.00001253,0.00000564,Transformer
30,0.00001150,0.00001574,Transformer
31,0.00001272,0.00000931,Transformer
32,0.00001100,0.00000469,Transformer
33,0.00000865,0.00000215,Transformer
34,0.00000995,0.00000637,Transformer
35,0.00000864,0.00001186,Transformer
36,0.00001133,0.00000481,Transformer
37,0.00000852,0.00000963,Transformer
38,0.00000798,0.00000601,Transformer
39,0.00001185,0.00000281,Transformer
40,0.00000891,0.00000410,Transformer
41,0.00000859,0.00000979,Transformer
42,0.00003731,0.00001052,Transformer
43,0.00000701,0.00000523,Transformer
44,0.00000814,0.00000909,Transformer
45,0.00000831,0.00000344,Transformer
46,0.00000921,0.00001511,Transformer
47,0.00000839,0.00000466,Transformer
48,0.00001110,0.00000800,Transformer
49,0.00000613,0.00000124,Transformer
50,0.00004010,0.00000495,Transformer
51,0.00001047,0.00000143,Transformer
52,0.00001000,0.00000461,Transformer
53,0.00004060,0.00000728,Transformer
54,0.00004499,0.00000824,Transformer
55,0.00000795,0.00001160,Transformer
56,0.00000485,0.00001856,Transformer
57,0.00000706,0.00000402,Transformer
58,0.00000758,0.00000830,Transformer
59,0.00000504,0.00000451,Transformer
60,0.00004296,0.00000360,Transformer
61,0.00000466,0.00000451,Transformer
62,0.00000681,0.00000179,Transformer
63,0.00000700,0.00000992,Transformer
64,0.00000635,0.00000719,Transformer
65,0.00000580,0.00000529,Transformer
66,0.00000533,0.00001024,Transformer
67,0.00000550,0.00000436,Transformer
68,0.00000644,0.00000131,Transformer
69,0.00000723,0.00000235,Transformer
70,0.00000554,0.00000584,Transformer
71,0.00000404,0.00000531,Transformer
72,0.00000570,0.00000661,Transformer
73,0.00000665,0.00000522,Transformer
74,0.00000644,0.00000599,Transformer
75,0.00000662,0.00000523,Transformer
76,0.00000459,0.00000190,Transformer
77,0.00000328,0.00001308,Transformer
78,0.00000511,0.00000339,Transformer
79,0.00000822,0.00000499,Transformer
80,0.00000790,0.00000752,Transformer
81,0.00000773,0.00000216,Transformer
82,0.00000880,0.00000200,Transformer
83,0.00000769,0.00000861,Transformer
84,0.00000865,0.00000426,Transformer
85,0.00000897,0.00000299,Transformer
86,0.00000882,0.00000459,Transformer
87,0.00000906,0.00000519,Transformer
88,0.00000844,0.00000412,Transformer
89,0.00000898,0.00000671,Transformer
90,0.00000938,0.00000481,Transformer
91,0.00000721,0.00000541,Transformer
92,0.00000909,0.00000257,Transformer
93,0.00000878,0.00000328,Transformer
94,0.00000906,0.00000996,Transformer
95,0.00000926,0.00000488,Transformer
96,0.00000841,0.00000171,Transformer
97,0.00000715,0.00000699,Transformer
98,0.00000900,0.00000223,Transformer
99,0.00000773,0.00000190,Transformer
0,0.00035902,0.00001559,iTransformer
1,0.00017479,0.00001448,iTransformer
2,0.00015266,0.00000349,iTransformer
3,0.00010143,0.00001018,iTransformer
4,0.00011500,0.00001229,iTransformer
5,0.00007103,0.00000359,iTransformer
6,0.00006433,0.00000268,iTransformer
7,0.00006382,0.00001731,iTransformer
8,0.00004084,0.00000148,iTransformer
9,0.00003748,0.00000197,iTransformer
10,0.00005286,0.00001227,iTransformer
11,0.00003971,0.00000787,iTransformer
12,0.00003424,0.00000336,iTransformer
13,0.00003757,0.00000137,iTransformer
14,0.00005368,0.00000136,iTransformer
15,0.00002993,0.00001151,iTransformer
16,0.00002333,0.00000132,iTransformer
17,0.00004276,0.00000575,iTransformer
18,0.00003265,0.00000112,iTransformer
19,0.00002055,0.00000935,iTransformer
20,0.00002168,0.00000237,iTransformer
21,0.00005604,0.00000102,iTransformer
22,0.00002583,0.00000277,iTransformer
23,0.00001966,0.00000652,iTransformer
24,0.00001426,0.00000089,iTransformer
25,0.00001947,0.00000217,iTransformer
26,0.00001494,0.00000319,iTransformer
27,0.00006151,0.00000180,iTransformer
28,0.00002047,0.00000154,iTransformer
29,0.00001566,0.00000139,iTransformer
30,0.00001777,0.00000107,iTransformer
31,0.00003737,0.00000516,iTransformer
32,0.00001400,0.00000666,iTransformer
33,0.00001768,0.00000147,iTransformer
34,0.00001869,0.00000081,iTransformer
35,0.00001225,0.00000130,iTransformer
36,0.00001565,0.00000125,iTransformer
37,0.00004139,0.00000095,iTransformer
38,0.00004797,0.00000412,iTransformer
39,0.00005068,0.00000321,iTransformer
40,0.00001797,0.00000109,iTransformer
41,0.00001019,0.00000069,iTransformer
42,0.00004870,0.00000162,iTransformer
43,0.00001921,0.00000523,iTransformer
44,0.00002433,0.00000127,iTransformer
45,0.00001080,0.00000498,iTransformer
46,0.00001256,0.00001134,iTransformer
47,0.00001042,0.00000307,iTransformer
48,0.00000796,0.00000810,iTransformer
49,0.00001739,0.00000146,iTransformer
50,0.00000931,0.00000115,iTransformer
51,0.00000773,0.00000241,iTransformer
52,0.00000861,0.00000323,iTransformer
53,0.00000713,0.00000124,iTransformer
54,0.00001489,0.00000267,iTransformer
55,0.00001081,0.00000544,iTransformer
56,0.00001249,0.00000412,iTransformer
57,0.00001041,0.00000077,iTransformer
58,0.00000764,0.00000068,iTransformer
59,0.00000756,0.00000182,iTransformer
60,0.00000742,0.00000531,iTransformer
61,0.00000963,0.00000112,iTransformer
62,0.00000598,0.00000291,iTransformer
63,0.00001090,0.00000114,iTransformer
64,0.00001370,0.00000083,iTransformer
65,0.00000908,0.00000120,iTransformer
66,0.00000867,0.00001505,iTransformer
67,0.00001023,0.00000104,iTransformer
68,0.00000641,0.00000077,iTransformer
69,0.00001037,0.00000066,iTransformer
70,0.00001170,0.00000515,iTransformer
71,0.00000903,0.00000063,iTransformer
72,0.00000937,0.00000108,iTransformer
73,0.00002817,0.00000226,iTransformer
74,0.00000610,0.00000093,iTransformer
75,0.00000586,0.00000570,iTransformer
76,0.00000631,0.00000678,iTransformer
77,0.00001002,0.00000324,iTransformer
78,0.00000684,0.00000114,iTransformer
79,0.00000603,0.00000234,iTransformer
80,0.00000596,0.00000118,iTransformer
81,0.00000635,0.00000115,iTransformer
82,0.00000932,0.00000065,iTransformer
83,0.00000597,0.00000174,iTransformer
84,0.00000661,0.00000145,iTransformer
85,0.00001588,0.00000526,iTransformer
86,0.00000611,0.00000266,iTransformer
87,0.00000651,0.00000120,iTransformer
88,0.00000646,0.00000282,iTransformer
89,0.00000665,0.00000328,iTransformer
90,0.00000705,0.00000202,iTransformer
91,0.00001219,0.00000188,iTransformer
92,0.00000594,0.00000117,iTransformer
93,0.00000579,0.00000069,iTransformer
94,0.00000538,0.00000072,iTransformer
95,0.00000499,0.00001004,iTransformer
96,0.00000668,0.00000083,iTransformer
97,0.00000534,0.00000121,iTransformer
98,0.00000571,0.00000097,iTransformer
99,0.00000583,0.00000171,iTransformer
100,0.00000550,0.00000065,iTransformer
101,0.00000428,0.00000180,iTransformer
