Date,y_pred
2024-05-14,177.65361070392555
2024-05-15,178.33784295884715
2024-05-16,178.9061627351809
2024-05-17,179.40833576762154
2024-05-20,179.9942014814004
2024-05-21,180.46647186477654
2024-05-22,181.14703565474704
2024-05-23,181.78356233292766
2024-05-24,182.1686297178491
2024-05-28,182.3621363019
2024-05-29,182.44095746511613
2024-05-30,182.5620436371531
2024-05-31,182.81409457275817
2024-06-03,183.14998504126228
2024-06-04,183.425066255294
2024-06-05,183.5805326369651
2024-06-06,183.53180474743561
2024-06-07,183.51675387448958
2024-06-10,183.59547901937754
2024-06-11,183.83928791113362
2024-06-12,184.15710151731903
2024-06-13,184.5190581378622
2024-06-14,184.92514647648918
2024-06-17,185.4114637764679
2024-06-18,185.82252247561374
2024-06-20,186.14052670642133
2024-06-21,186.45272182837255
2024-06-24,186.2482649188036
2024-06-25,186.3959043946918
2024-06-26,186.59117178543787
2024-06-27,186.90699301131303
2024-06-28,187.49311430328908
2024-07-01,187.95996106315587
2024-07-02,188.36904150233383
2024-07-03,188.44664972813928
2024-07-05,188.38405989849238
2024-07-08,188.2799280215547
2024-07-09,188.34381692270082
2024-07-10,188.52243642977734
2024-07-11,188.60382890734144
2024-07-12,188.33027551435552
2024-07-15,188.19294388840694
2024-07-16,188.35499458573122
2024-07-17,188.66947155501154
2024-07-18,189.24014236835208
2024-07-19,189.27342683941728
2024-07-22,189.12501921690347
2024-07-23,189.0383090183979
2024-07-24,189.642349024858
2024-07-25,189.91486880878145
2024-07-26,190.3922578162714
2024-07-29,190.57839216956413
2024-07-30,190.20801276478952
2024-07-31,189.86054502756556
2024-08-01,190.4670024366416
2024-08-02,190.7502819214609
2024-08-05,191.3331724790997
2024-08-06,190.07511775041766
2024-08-07,189.37586992340596
2024-08-08,189.1395801139688
2024-08-09,189.76961002261902
2024-08-12,190.15986804540043
2024-08-13,191.011078997138
2024-08-14,192.15073747900703
2024-08-15,192.3802156352786
2024-08-16,193.04349330210385
2024-08-19,193.57636960702206
2024-08-20,194.03765577605844
2024-08-21,193.91725444062706
2024-08-22,193.96805378438413
2024-08-23,193.98338282807512
2024-08-26,195.10378398700223
2024-08-27,196.0465117017925
2024-08-28,197.2833040189142
2024-08-29,197.32013269591755
2024-08-30,197.2525640335464
2024-09-03,197.2732023259734
2024-09-04,196.60368911595185
2024-09-05,195.85579388536223
2024-09-06,195.79579937464533
2024-09-09,197.16755674833226
2024-09-10,197.74295222823415
2024-09-11,198.83747927177865
2024-09-12,200.13768039840545
2024-09-13,200.66504976979428
2024-09-16,201.46947437908
2024-09-17,196.12524108278316
2024-09-18,197.883816763847
2024-09-19,203.11137931917006
2024-09-20,208.94874862878237
2024-09-23,207.10205636311167
2024-09-24,209.90786158887389
2024-09-25,210.4383233152446
2024-09-26,210.7079879659382
2024-09-27,211.15673809500697
2024-09-30,213.03005850234354
2024-10-01,215.11858704793946
2024-10-02,214.96579364708145
2024-10-03,214.68636336759576
2024-10-04,214.94906386542607
2024-10-07,215.6690770679462
2024-10-08,214.01643784357663
2024-10-09,213.92162821668018
2024-10-10,215.4058908303379
2024-10-11,217.4842357850072
2024-10-14,217.31400658537467
2024-10-15,218.82844719477336
2024-10-16,221.36747114375655
2024-10-17,221.96039561669272
2024-10-18,222.47588978013744
2024-10-21,223.78139450736333
2024-10-22,224.8285026171172
2024-10-23,224.33717683169522
2024-10-24,222.4125063872486
2024-10-25,221.4503688498187
2024-10-28,223.29823592797567
2024-10-29,225.58536426512
2024-10-30,226.7963191797493
2024-10-31,226.17109865971474
2024-11-01,223.51519781275897
2024-11-04,218.90763407485724
2024-11-05,214.95078089905985
2024-11-06,214.31636521206548
2024-11-07,215.101744303545
2024-11-08,217.2932440339347
2024-11-11,219.67332940905484
2024-11-12,219.33435082167153
2024-11-13,218.2176972016129
2024-11-14,218.31143933062518
2024-11-15,219.81142070942366
2024-11-18,221.04856038696798
2024-11-19,221.95189517057815
2024-11-20,223.35987404654594
2024-11-21,224.29687737453415
2024-11-22,225.01194280908325
2024-11-25,225.93356061201095
2024-11-26,227.2919883824883
2024-11-27,229.67018163172912
2024-11-29,231.4953093105125
2024-12-02,232.8452027460536
2024-12-03,234.26313928746987
2024-12-04,235.5681413305069
2024-12-05,237.10661476264147
2024-12-06,238.13421420735898
2024-12-09,238.94239482771857
2024-12-10,238.96028812558632
2024-12-11,239.17545955095545
2024-12-12,240.12851488416464
2024-12-13,241.73383401714034
2024-12-16,243.03211477720305
2024-12-17,244.11482874230992
2024-12-18,244.9205750156427
2024-12-19,243.37519391201437
2024-12-20,244.04531147268995
2024-12-23,245.08800273934642
2024-12-24,246.09137732467167
2024-12-26,246.78800724020556
2024-12-27,247.36160378848786
2024-12-30,247.1712728694389
2024-12-31,246.53869282695433
2025-01-02,245.8830175524681
2025-01-03,244.80570885442546
2025-01-06,243.23994362453303
2025-01-07,242.94373273015938
2025-01-08,242.6792756617366
2025-01-10,242.1116548423508
2025-01-13,240.34082835223546
2025-01-14,236.89098019004217
2025-01-15,234.60238333728998
2025-01-16,235.0756124919139
2025-01-17,233.84699585303196
2025-01-21,230.37879689387768
2025-01-22,223.8755828391949
2025-01-23,219.176677430486
2025-01-24,218.64268561851952
2025-01-27,218.9144457280228
2025-01-28,220.52631105172722
2025-01-29,224.74491019020985
2025-01-30,229.32430666912595
2025-01-31,232.5567806325384
2025-02-03,234.00483304018914
2025-02-04,231.91288737173656
2025-02-05,229.89379137370634
2025-02-06,231.69933131353602
2025-02-07,232.92997563358418
2025-02-10,232.0876633216164
2025-02-11,231.01547183565333
2025-02-12,231.77037922827034
2025-02-13,234.4178812955767
2025-02-14,237.84779153432524
2025-02-18,241.05964414972152
2025-02-19,242.57637225458623
2025-02-20,243.38773842418743
2025-02-21,243.56056576681843
2025-02-24,244.5533557434934
2025-02-25,245.8273099776987
2025-02-26,247.284348571242
2025-02-27,246.4595228912813
2025-02-28,243.6180299121803
2025-03-03,242.30588297589745
2025-03-04,242.26365750403534
2025-03-05,240.9138318461377
2025-03-06,239.74950795019402
2025-03-07,238.5742944462046
2025-03-10,238.85822064270502
2025-03-11,236.59953067512004
2025-03-12,226.6515065964062
2025-03-13,217.49709094471268
2025-03-14,210.82727661838982
2025-03-17,207.14208188563052
2025-03-18,206.20974956690262
2025-03-19,206.88953673804207
2025-03-20,207.56053258401383
2025-03-21,208.19843881964528
2025-03-24,208.8173390744292
2025-03-25,210.93906454496755
2025-03-26,214.1598045038597
2025-03-27,217.031074460978
2025-03-28,218.9169083157344
2025-03-31,219.16320097571565
2025-04-01,218.74872938981588
2025-04-02,219.7292855018502
2025-04-03,221.505607629221
2025-04-04,212.22389144280777
2025-04-07,194.81744886009125
2025-04-08,182.3344787872744
2025-04-09,177.17718893988882
2025-04-10,175.5324500470825
2025-04-11,176.69194478593118
2025-04-14,179.86661006762762
2025-04-15,181.49977451578258
2025-04-16,182.75581850770928
2025-04-17,183.3449968538112
2025-04-21,183.97672826371857
2025-04-22,184.81161892372987
2025-04-23,186.74114111781927
2025-04-24,188.75754577859126
2025-04-25,190.88256693704182
2025-04-28,192.13653806270668
2025-04-29,192.68235424938467
2025-04-30,193.36894177741576
2025-05-01,194.71851609321897
2025-05-02,196.13488245256227
2025-05-05,195.9316172998905
2025-05-06,194.66722253747847
2025-05-07,193.05659980390374
2025-05-08,192.7461330118602
2025-05-09,193.77193352495814
2025-05-12,194.63413010306968
2025-05-13,195.99424949056453
2025-05-14,196.65383327582236
2025-05-15,196.68618298022182
2025-05-16,196.2080879556127
2025-05-19,196.55385842768223
2025-05-20,197.7324353972273
2025-05-21,198.8437345834543
2025-05-22,199.163534921813
2025-05-23,198.23952513288566
2025-05-27,196.09244799963287
2025-05-28,194.8223401466927
2025-05-29,194.01882771152495
2025-05-30,195.5691989441514
2025-06-02,196.36848939694664
2025-06-03,196.74302018238188
2025-06-04,196.92973346971232
2025-06-05,197.99842875890133
2025-06-06,198.5215337868905
2025-06-09,199.2199598099755
2025-06-10,198.69033683194235
2025-06-11,197.52657774969398
2025-06-12,196.25511716795353
2025-06-13,195.96399806904319
2025-06-16,196.261940117393
2025-06-17,196.98029276764888
2025-06-18,197.09859582020215
2025-06-20,196.73575667826006
2025-06-23,196.2097287393976
2025-06-24,196.47390057690424
2025-06-25,197.79882924711217
2025-06-26,199.11513603626105
2025-06-27,200.2870623245437
2025-06-30,200.7745643212484
2025-07-01,201.28827649748436
2025-07-02,202.61332942670526
2025-07-03,204.73502383249038
2025-07-07,206.9995285570687
2025-07-08,208.6783553684218
2025-07-09,209.06562835082343
2025-07-10,208.39179431603267
2025-07-11,207.6677907047551
2025-07-14,207.73147062483397
2025-07-15,208.79286287294252
2025-07-16,209.97856496725404
2025-07-17,210.40055422343852
2025-07-18,210.05238046909543
2025-07-21,209.92674331070842
2025-07-22,210.3423727646836
2025-07-23,211.75237367368067
2025-07-24,213.79757818477702
2025-07-25,214.87785215472013
2025-07-28,214.71377377622963
2025-07-29,213.20784490921943
2025-07-30,212.2334424423956
2025-07-31,212.46309851498125
2025-08-01,213.1938375295755
2025-08-04,213.33290030950025
2025-08-05,212.76789457752378
2025-08-06,212.04212309937986
2025-08-07,212.97284287500761
2025-08-08,215.75665707954255
2025-08-11,218.03249479091744
2025-08-12,218.67826323318775
2025-08-13,217.0519047900614
2025-08-14,215.06174419764244
2025-08-15,215.47840726068006
2025-08-18,219.09924712099456
2025-08-19,225.11086992781858
2025-08-20,228.9478131560995
2025-08-21,225.5646468987757
2025-08-22,219.64300456175312
2025-08-25,219.56147935297062
2025-08-26,228.9993354613866
2025-08-27,233.70553261490207
2025-08-28,235.4147605234058
2025-08-29,237.6570708938265
2025-09-02,239.83484565141993
2025-09-03,238.18495706974656
2025-09-04,238.40274923066198
2025-09-05,241.0279919902358
2025-09-08,240.7078894765501
2025-09-09,241.08132734748486
2025-09-10,240.2826412453436
2025-09-11,237.30143030243127
2025-09-12,236.25397765632323
2025-09-15,237.86225076492542
2025-09-16,239.61278914710485
2025-09-17,241.1241797625488
2025-09-18,242.11842131042073
2025-09-19,241.72454847998927
2025-09-22,241.97548955668302
2025-09-23,244.9108376275354
2025-09-24,246.60121770302626
2025-09-25,246.77981179348646
2025-09-26,247.2199598099755
2025-09-29,247.4728833827398
2025-09-30,247.27790969511534
2025-10-01,247.4304545779474
2025-10-02,247.7757195417596
2025-10-03,248.7055271432694
2025-10-06,248.98569168055903
2025-10-07,248.5144167813209
2025-10-08,248.04278604945475
2025-10-09,247.81913677051884
2025-10-10,246.553699926839
2025-10-13,244.01811569326028
2025-10-14,243.2685401419271
2025-10-15,242.06935029657132
2025-10-16,241.43799589980557
2025-10-17,239.95189764163806
2025-10-20,240.68643785240184
