Date,12ema,20sd,26ema,Change,Close,FT 100 components,FT 27 components,FT 3 components,FT 6 components,FT 81 components,FT 9 components,High,Low,MACD,Open,PercentageChange,TurnoverRatio,Volatility,Volume,ema,lower_band,ma21,ma7,momentum,upper_band
2024-06-18,205.92439500771312,10.094074812350398,197.7679534057032,-2.38,214.29,206.03767195888545,213.86777100975448,114.08668625250431,115.71977769102877,208.84486328263122,161.45593665433825,218.63,213.0,8.15644160200992,217.59,-1.1,0.52,2.6,79943254,214.6270469549933,177.98423132768013,198.17238095238093,210.14714285714285,213.29,218.36053057708173
2024-06-20,206.50218039114188,10.277888619518055,198.65032722750294,-4.61,209.68,207.25154635512524,214.13057137748635,114.04036905037995,115.57880309545419,209.54088086798492,161.26870396611446,214.24,208.85,7.8518531636389355,213.93,-2.15,0.56,2.52,86172451,211.32901565166443,178.5042227609639,199.06,212.51285714285717,208.68,219.6157772390361
2024-06-21,206.65415263865853,10.22548647672777,199.30511780324346,-2.19,207.49,208.4580151797889,214.39041122012267,113.99403497311471,115.43800549126247,210.2182228347288,161.08077511840105,211.89,207.11,7.349034835415068,210.39,-1.04,1.61,2.28,246421353,208.76967188388815,179.32997942749682,199.78095238095236,212.5614285714286,206.49,220.2319253344079
2024-06-24,206.8827445404034,9.863835380955082,199.9595535215217,0.65,208.14,209.6548817318505,214.6471955159956,113.94768398087278,115.29738498961959,210.87620409759776,160.89215215182935,212.7,206.59,6.923191018881681,207.72,0.31,0.53,2.94,80727006,208.3498906279627,180.87423399999463,200.6019047619048,211.85714285714286,207.14,220.32957552381495
2024-06-25,207.2192453803413,9.632939582574247,200.63440140881642,0.93,209.07,210.8399550327991,214.90082909821416,113.90131603400857,115.15694169913266,211.51418916587926,160.7028371208123,211.38,208.61,6.58484397152489,209.15,0.45,0.37,1.33,56713868,208.82996354265424,182.39269226342293,201.65857142857143,211.1185714285714,208.07,220.92445059371994
2024-06-26,208.14705378336572,9.478693267225907,201.56889019334852,4.18,213.25,212.01105591068395,215.15121667751606,113.8549310930667,115.01667572585578,212.1315936635919,160.51283209349228,214.86,210.64,6.578163590017198,211.5,2.0,0.43,2.02,66213186,211.77665451421808,183.80928013221487,202.76666666666668,211.22714285714287,212.25,221.7240532011185
2024-06-27,209.0628916628479,9.236874272030985,202.49712054939675,0.85,214.1,213.16602313751966,215.39826286521676,113.80852911878225,114.87658717329593,212.7278857362466,160.32213915168936,215.74,212.35,6.565771113451149,214.69,0.4,0.32,1.59,49772707,213.32555150473937,185.44101336069994,203.91476190476192,210.85999999999999,213.1,222.3885104488239
2024-06-28,209.30244679164053,8.770865572807068,203.09881532351548,-3.48,210.62,214.30271960193002,215.6418721962503,113.7621100720809,114.73667614241931,213.3025873403812,160.13076039084874,216.07,210.3,6.203631468125053,215.77,-1.63,0.54,2.7,82542718,211.5218505015798,187.341125997243,204.88285714285715,210.33571428571426,209.62,222.42458828847128
2024-07-01,210.44822420831122,8.521053107107313,204.11001418844026,6.13,216.75,215.41903849853085,215.88194915229514,113.71567391407916,114.59694273165701,213.855275412302,159.93869791998796,217.51,211.92,6.338210019870957,212.09,2.91,0.4,2.65,60402929,215.0072835005266,189.0531318810235,206.0952380952381,211.34571428571425,215.75,223.13734430945271
2024-07-02,211.95926663780182,8.473350468344995,205.3070501744817,3.52,220.27,216.5129095152288,216.11839818498044,113.66922060608441,114.45738703691123,214.385582912721,159.7459538616442,220.38,215.1,6.652216463320116,216.15,1.62,0.38,2.44,58046178,218.51576116684222,190.48282287283382,207.4295238095238,213.17142857142855,219.27,224.37622474621378
2024-07-03,213.43476407814,8.332027285463841,206.51023164303862,1.28,221.55,217.58230499934987,216.3511237391659,113.62275010959506,114.31800915156131,214.89319974423464,159.55253035182088,221.55,219.03,6.9245324351013835,220.0,0.58,0.25,1.14,37369801,220.5385870556141,192.07594542907233,208.74,215.08714285714288,220.55,225.40405457092768
2024-07-05,215.42018498919538,8.500422961701055,207.97910337318393,4.79,226.34,218.6252460833021,216.58003027629027,113.57626238630095,114.17880916647009,215.3778735388642,159.35842953993443,226.45,221.65,7.441081616011445,221.65,2.16,0.4,2.17,60412408,224.4061956852047,193.26248740993123,210.26333333333332,217.5542857142857,225.34,227.26417925673542
2024-07-08,217.32784883701146,8.361705945396736,209.44879941961477,1.48,227.82,219.6398087503352,216.80502229778085,113.52975739808316,114.03978716998971,215.83941031315064,159.16365358876033,227.85,223.25,7.879049417396686,227.09,0.65,0.39,2.03,59085861,226.68206522840157,195.06135001396842,211.7847619047619,219.6357142857143,226.82,228.50817379555536
2024-07-09,219.0743336313174,8.228632600570583,210.87333279593958,0.86,228.68,220.62412982087432,217.0260043685203,113.48323510701447,113.90094324796803,216.27767498858344,158.96820467437948,229.4,226.372,8.201000835377812,227.93,0.38,0.32,1.33,48169822,228.01402174280054,196.9560681321922,213.41333333333336,221.71857142857144,227.68,229.8705985344745
2024-07-10,221.21366691880704,7.6510390592189,212.51086369994405,4.3,232.98,221.57641283988505,217.24288114036318,113.43669547535922,113.76227748375467,216.69259177543333,158.77208498612356,233.08,229.25,8.702803218862982,229.3,1.88,0.41,1.67,62627687,231.3246739142668,199.829826643467,215.1319047619048,224.91285714285715,231.98,230.4339828803426
2024-07-11,222.19156431591364,7.73722327122903,213.626355277726,-5.41,227.57,222.4949338457707,217.45555737569697,113.39013846557384,113.62378995820758,217.08414441835336,158.57529672652112,232.39,225.77,8.565209038187646,231.39,-2.32,0.43,2.84,64710617,228.82155797142227,201.2979344099229,216.77238095238096,226.45857142857145,226.57,232.246827494839
2024-07-12,223.4759390365423,8.211664425258496,214.87921784974628,2.97,230.54,223.37804700140867,217.66393797104095,113.3435640403066,113.48548074969884,217.45237630241522,158.3778421112423,232.64,228.68,8.596721186796003,228.92,1.31,0.35,1.74,53046527,229.96718599047406,201.46286162567347,217.88619047619045,227.9257142857143,229.54,234.30951932670743
2024-07-15,225.1565638001512,8.916506573493802,216.32520171272805,3.86,234.4,224.22419006810676,217.867927980678,113.29697216239812,113.34734993412138,217.7973904185544,158.17972336904427,237.23,233.09,8.831362087423145,236.48,1.67,0.41,1.8,62631252,232.92239533015803,201.06889161491713,218.90190476190475,229.76142857142855,233.4,236.73491790889236
2024-07-16,226.6432462924356,9.424239338362208,217.69518677104452,0.42,234.82,225.03188970349515,218.06743264031198,113.25036279488123,113.20939758489489,218.1193491877057,157.98094274171584,236.27,232.33,8.948059521391087,235.0,0.18,0.28,1.68,43234278,234.18746511005267,201.03342608518037,219.8819047619048,230.97285714285712,233.82,238.73038343862922
2024-07-17,226.98736224744553,9.574305306743245,218.52369145467085,-5.94,228.88,225.79976656467295,218.26235739074602,113.2037359009814,113.07162377297271,218.41847414322552,157.78150248402204,231.46,226.64,8.463670792774678,229.45,-2.53,0.38,2.05,57345884,230.64915503668422,201.51377033889446,220.66238095238094,231.12428571428572,227.88,239.81099156586743
2024-07-18,226.55546036322315,9.4718598602383,218.94267727284335,-4.7,224.18,226.52654019829168,218.45260790157445,113.15709144411662,112.93402856684779,218.6950454715105,157.5814048636486,230.44,222.27,7.612783090379793,230.28,-2.05,0.43,3.57,66034585,226.33638501222808,202.07628027952342,221.02,230.48142857142855,223.18,239.9637197204766
2024-07-19,226.21000492272728,9.079436337790538,219.34025673411423,0.13,224.31,227.21103369969157,218.63809009488295,113.11042938789775,112.79661203255915,218.9494014110411,157.38065216114546,226.8,223.275,6.869748188613045,224.82,0.06,0.32,1.57,49151453,224.9854616707427,203.3382701815618,221.49714285714288,229.24285714285716,223.31,239.65601553272396
2024-07-22,225.86385031923078,8.40778728957421,219.68245993899467,-0.35,223.96,227.852178123696,218.81871016895113,113.06374969612864,112.65937423369846,219.18193751039684,157.17924666987133,227.78,223.09,6.18139038023611,227.01,-0.16,0.32,2.09,48201835,224.30182055691424,205.36156827799445,222.17714285714288,228.72714285714287,222.96,238.99271743629131
2024-07-23,225.73248873165682,7.660917562289568,220.07709253610614,1.05,225.01,228.44901663022807,218.99437462195084,113.01705233280616,112.52231523141651,219.39310574610755,156.97719069593663,226.94,222.68,5.655396195550679,224.365,0.47,0.26,1.9,39960260,224.77394018563805,207.68959344684941,223.01142857142855,227.93714285714287,224.01,238.3332636960077
2024-07-24,224.6259520037096,6.9667120351286105,219.9632338297279,-6.47,218.54,229.00070834852488,219.16499027563447,112.97033726212047,112.38543508442956,219.58341350152364,156.77448655814723,224.8,217.13,4.662718173981716,224.0,-2.88,0.41,3.41,61777576,220.61798006187936,209.57324259640941,223.50666666666663,225.67142857142858,217.54,237.44009073692385
2024-07-25,223.52811323390813,6.673385848702915,219.78003132382216,-1.05,217.49,229.50653194440878,219.33046429900702,112.92360444845511,112.24873384902592,219.75342240820726,156.57113658794725,220.85,214.62,3.748081910085972,218.93,-0.48,0.34,2.85,51391199,218.53266002062648,210.56084735021324,223.90761904761908,223.1957142857143,216.49,237.25439074502492
2024-07-26,222.67148042869152,6.409177034894191,219.64521418872422,0.47,217.96,229.96588887580137,219.49070423197657,112.87685385638719,112.1122115790726,219.90374705165988,156.36714312936223,219.49,216.01,3.026266239967299,218.7,0.22,0.27,1.6,41601345,218.15088667354215,211.31355069211642,224.1319047619048,221.6357142857143,216.96,236.95025883169316
2024-07-29,221.98971420889282,5.721928709740344,219.54112424881873,0.28,218.24,230.37830632246175,219.64561800897576,112.83008545068745,111.97586832602175,220.03505354351614,156.16250853894144,219.3,215.75,2.448589960074088,216.96,0.13,0.24,1.63,36311778,218.2102955578474,212.88519019956692,224.3290476190476,220.78714285714287,217.24,235.77290503852828
2024-07-30,221.49898894598624,5.582759268864037,219.48622615631368,0.56,218.8,230.74343977677376,219.79511398254957,112.78329919632063,111.83970413891745,220.14805796264375,155.95723518570054,220.325,216.12,2.012762789672564,219.19,0.26,0.27,1.93,41643840,218.6034318526158,213.55305289084336,224.71857142857144,220.0,217.8,235.8840899662995
2024-07-31,221.58837526198835,5.514301859841867,219.6783575521423,3.28,222.08,231.0610752833038,219.93910094690227,112.73649505844521,111.70371906440205,220.24352466789534,155.75132545106356,223.82,220.63,1.910017709846045,221.44,1.5,0.33,1.46,50036262,220.92114395087196,213.94377723269722,224.97238095238095,219.73142857142855,221.08,236.00098467206467
2024-08-01,221.09170214475938,5.669610216007442,219.5807014371688,-3.72,218.36,231.3311313157985,220.07748816139812,112.68967300241398,111.56791314672304,220.32226448555994,155.5447817288048,224.48,217.02,1.5110007075905685,224.37,-1.68,0.41,3.36,62500996,219.21371465029065,213.5422081394137,224.8814285714286,218.78142857142856,217.36,236.22064900344347
2024-08-02,220.90220950710412,5.776047091346894,219.60139021960075,1.5,219.86,231.55366028128458,220.21018537401025,112.6428329937739,111.4322864277398,220.3851327748584,155.33760642499084,225.6,217.71,1.3008192875033728,219.15,0.69,0.69,3.61,105568560,219.64457155009688,213.24885819825863,224.80095238095242,218.97,218.86,236.35304656364622
2024-08-05,219.11263881370348,6.672518087876464,218.83610205518585,-10.59,209.27,231.72884964197144,220.33710284471,112.59597499826639,111.2968389469301,220.43302737511678,155.1298019579217,213.5,196.0,0.27653675851763637,199.09,-4.82,0.79,7.96,119548589,212.728190516699,210.6430590623423,223.98809523809524,217.79571428571427,208.27,237.33313141384818
2024-08-06,217.2845405346722,7.516727591556936,217.97639079183875,-2.04,207.23,231.85702264673705,220.45815136879204,112.54909898182734,111.16157074139696,220.46688643853773,154.92137075807202,209.99,201.07,-0.6918502571665499,205.3,-0.97,0.46,4.26,69660488,209.06273017223302,207.97416386450521,223.00761904761907,216.26285714285714,206.23,238.04107423073293
2024-08-07,216.1361496831842,7.636584659690757,217.372213696147,2.59,209.82,231.93863866509622,220.5732423001299,112.50220491058744,111.02648184587545,220.48768615276418,154.7123152680326,213.64,206.39,-1.236064012962828,206.9,1.25,0.42,3.5,63516417,209.56757672407767,206.8363544901423,222.1095238095238,215.06,208.82,237.38269312890532
2024-08-08,215.70135742423275,7.711840588642009,217.0713089779139,3.49,213.31,231.9742931177004,220.68228757435364,112.45529275087209,110.89157229273943,220.49643835770044,154.50263794245058,214.2,208.83,-1.3699515536811475,213.11,1.66,0.31,2.56,47161149,212.06252557469256,205.7491759655731,221.1728571428571,214.2757142857143,212.31,236.59653832014112
2024-08-09,215.78422551281233,7.423981482607709,217.00973053510546,2.93,216.24,231.96471699860552,220.78519973194585,112.40836246920175,110.75684211200834,220.4941880613145,154.29234124797037,216.78,211.97,-1.2255050222931345,212.1,1.37,0.28,2.25,42201646,214.84750852489753,205.78537036811792,220.63333333333335,213.4414285714286,215.24,235.48129629854878
2024-08-12,216.0528062031489,6.634684361777919,217.04826901398656,1.29,217.53,231.9107759857562,220.8818919412489,112.36141403229192,110.62229133135403,220.48201085939976,154.08142766317408,219.51,215.6,-0.9954628108376653,216.07,0.6,0.25,1.81,38028092,216.63583617496587,206.7444408002537,220.01380952380953,213.32285714285715,216.53,233.28317824736536
2024-08-13,216.85545140266444,5.5726919698606014,217.3609898277653,3.74,221.27,231.8134691373694,220.97227802137778,112.31444740705331,110.4879199761077,220.46101026451095,153.86989967852134,221.89,219.01,-0.5055384251008661,219.01,1.72,0.29,1.32,44155331,219.7252787249886,208.24318748885023,219.38857142857142,213.52428571428572,220.27,230.53395536829262
2024-08-14,217.60384349456223,5.087545060077438,217.68387947015304,0.45,221.72,231.67392717316002,221.05627246503272,112.26746256059212,110.35372806926691,220.4323149495249,153.65775979628955,223.03,219.7,-0.08003597559081754,220.57,0.2,0.28,1.5,41960574,221.05509290832956,208.58967178460702,218.76476190476188,215.30285714285716,220.72,228.93985202491675
2024-08-15,218.69863680309112,5.121938777804886,218.20507358347504,3.0,224.72,231.4934103406247,221.13379046120514,112.22045946020995,110.21971563150223,220.3970759114954,153.44501053051349,225.35,222.76,0.4935632196160782,224.6,1.35,0.31,1.17,46414013,223.4983643027765,208.32278911105692,218.5666666666667,217.8014285714286,223.72,228.81054422227646
2024-08-16,219.82961575646172,5.242993419934446,218.78617924395837,1.33,226.05,231.2733058678857,221.2047479177722,112.17343807340403,110.08588268116421,220.3564635616793,153.2316544069247,226.827,223.65,1.043436512503348,223.92,0.59,0.29,1.41,44340240,225.1994547675922,208.1697274458454,218.6557142857143,220.11999999999998,225.05,229.1417011255832
2024-08-19,220.7619825631599,5.367519740007513,219.31238818885032,-0.16,225.89,231.01512500589274,221.2690614839726,112.12639836786741,109.95222923429057,220.31166474781008,153.0176939628909,225.99,223.04,1.4495943743095836,225.72,-0.07,0.27,1.31,40687813,225.65981825586405,207.99591290093733,218.73095238095235,221.91714285714286,224.89,229.46599186096736
2024-08-20,221.6462929380584,5.473159844704507,219.84554461930583,0.62,226.51,230.72049966408053,221.32664857275898,112.07934031148906,109.81875530461322,220.26387971487895,152.80313174735514,227.17,225.45,1.800748318752568,225.77,0.27,0.2,0.76,30299033,226.226606085288,207.90606126297192,218.85238095238094,223.3842857142857,225.51,229.79870064178996
2024-08-21,222.3776324860494,5.7481071256362215,220.3310598326906,-0.11,226.4,230.391178644881,221.37742738302035,112.03226387235397,109.68546090356492,220.2143190108549,152.5879703207745,227.98,225.05,2.046572653358794,226.52,-0.05,0.23,1.29,34765480,226.34220202842934,207.42235717729903,218.91857142857148,224.65142857142857,225.4,230.41478567984393
2024-08-22,222.70876594973413,5.869083560793651,220.6420924376765,-1.87,224.53,230.0290234837828,221.42131692166947,111.98516901874325,109.55234604028666,220.1642003439348,152.37221225505886,228.34,223.9,2.0666735120576334,227.79,-0.83,0.29,1.96,43695321,225.13406734280977,207.46564240222224,219.20380952380955,225.11714285714285,223.53,230.94197664539686
2024-08-23,223.3443404190058,6.094762440981433,221.1011967015523,2.31,226.84,229.63600390292297,221.45823702558872,111.93805571913431,109.41941072163455,220.1147453980587,152.15586013350926,228.22,224.33,2.243143717453478,225.659,1.03,0.25,1.73,38677250,226.27135578093657,207.45952273708477,219.64904761904762,225.84857142857143,225.84,231.83857250101047
2024-08-26,223.9344418930049,6.303716927871477,221.55147842736324,0.34,227.18,229.21419288746836,221.48810838342933,111.89092394220103,109.28665495218705,220.067176613557,151.9389165507564,227.28,223.891,2.382963465641666,226.76,0.15,0.2,1.49,30602208,226.87711859364552,207.48066138235225,220.0880952380952,226.2,226.18,232.69552909383816
2024-08-27,224.5645277556195,6.5310969499686555,222.03136891422523,0.85,228.03,228.76576139530704,221.51085255725806,111.84377365681381,109.15407873425204,220.0227139399122,151.72138411269842,228.85,224.89,2.5331588413942825,225.995,0.37,0.24,1.74,35934559,227.64570619788185,207.4920918143484,220.55428571428573,226.48285714285717,227.03,233.61647961422304
2024-08-28,224.86075425475497,6.655461449571421,222.36163788354185,-1.54,226.49,228.29297271180604,221.52639200404525,111.79660483203973,109.0216820678739,219.98257156771862,151.50326543643885,229.86,225.68,2.4991163712131197,227.92,-0.68,0.25,1.83,38052167,226.87523539929396,207.60955329133336,220.9204761904762,226.56857142857143,225.49,234.23139908961903
2024-08-29,225.61909975402344,6.9149482626517615,222.91188692920542,3.3,229.79,227.798176462609,221.53465009698957,111.74941743714267,108.8894649508407,219.94795464701338,151.2845631502244,232.92,228.88,2.707212824818015,230.1,1.46,0.34,1.78,51906297,228.81841179976468,207.45772252231552,221.28761904761905,227.03714285714287,228.79,235.11751557292257
2024-08-30,226.13923825340444,7.104867049490701,223.36285826778283,-0.79,229.0,227.2838022986307,221.53555114667307,111.70221144158339,108.75742737869147,219.92005599921947,151.06527989338207,230.4,227.48,2.7763799856216167,230.19,-0.34,0.35,1.27,52990770,228.93947059992158,207.58455161530432,221.79428571428573,227.40857142857143,228.0,236.00401981326715
2024-09-03,225.62089390672682,6.454187053981219,223.31894284053968,-6.23,222.77,226.75235326855739,221.52902042204147,111.65498681501983,108.6255693447234,219.90005282999942,150.845418316257,229.0,221.17,2.3019510661871436,228.55,-2.72,0.33,3.42,50190574,224.82649019997385,209.02448303489467,221.9328571428571,227.15714285714287,221.77,234.84123125081953
2024-09-04,224.8869102287688,5.3800343377291835,223.13605818568487,-1.92,220.85,226.20639889527948,221.51498417120374,111.60774352730691,108.49389083999894,219.8891034503583,150.62498108014884,221.78,217.48,1.7508520430839383,221.66,-0.86,0.29,1.93,43840196,222.17549673332462,211.72421703882733,222.4842857142857,226.30142857142854,219.85,233.24435438974407
2024-09-05,224.50123173203514,4.3681279865317695,223.08005387563415,1.53,222.38,225.64856797375495,221.49336964204616,111.56048154849697,108.36239185335316,219.8883440133606,150.40397085724908,225.48,221.52,1.4211778564009876,221.625,0.69,0.24,1.79,36615398,222.31183224444155,214.46945831265072,223.20571428571427,225.61571428571432,221.38,231.94197025877781
2024-09-06,223.9348883886451,3.6808472639332863,222.91264247743905,-1.56,220.82,225.0815411088342,221.46410510265528,111.51320084883973,108.2310723714012,219.89888527382965,150.18239033057785,225.24,219.77,1.0222459112060562,223.95,-0.7,0.32,2.46,48423011,221.31727741481384,216.3678292816572,223.72952380952378,224.58571428571432,219.82,231.09121833739036
2024-09-09,223.46952094423818,3.2712823819581383,222.76429859022133,0.09,220.91,224.50804301255582,221.42711986154322,111.4659013987825,108.09993237854525,219.9218093783947,149.9602421939199,221.27,216.71,0.7052223540168541,220.82,0.04,0.44,2.07,67179965,221.04575913827128,217.54886380751228,224.09142857142857,223.78857142857143,219.91,230.63399333534485
2024-09-10,222.95267156820154,3.02416077987089,222.5676838798346,-0.8,220.11,223.9308345813561,221.3823442876723,111.41858316897013,107.96897185698211,219.95816669322616,149.73752915176138,221.48,216.73,0.3849876883669481,218.92,-0.36,0.34,2.15,51591033,220.4219197127571,218.2273927259725,224.2757142857143,222.40571428571428,219.11,230.32403584545608
2024-09-11,222.90764517309364,2.958550276452738,222.57452211095796,2.55,222.66,223.35270477450635,221.32970983027155,111.37124613024531,107.83819078671047,220.00897267675745,149.5142539192256,223.09,217.89,0.33312306213568377,221.455,1.16,0.29,2.36,44587072,221.91397323758568,218.60289944709453,224.52,221.5,221.66,230.4371005529055
2024-09-12,222.8864689926177,2.912165951276145,222.5890019545907,0.11,222.77,222.77646231591106,221.26914903844136,111.32389025364866,107.7075891455384,220.07520480463882,149.29041922200955,223.55,219.82,0.29746703802697994,222.5,0.05,0.25,1.68,37498225,222.4846577458619,218.76709666887623,224.59142857142854,221.5,221.77,230.41576047398084
2024-09-13,222.82701222452266,2.9547649298938023,222.58240921721364,-0.27,222.5,222.20492724215197,221.20059558053998,111.27651551041868,107.57716690909048,220.15779955409408,149.06602779631882,224.04,221.91,0.24460300730902418,223.58,-0.12,0.24,0.96,36766619,222.4948859152873,218.71904156878384,224.62857142857143,221.7357142857143,221.5,230.53810128835903
2024-09-16,221.82593342074995,3.464643788386548,222.11852705297562,-6.18,216.32,221.64092232035608,221.12398426334818,111.22912187199215,107.44692405081554,220.2576494547646,148.84108238880387,217.22,213.92,-0.2925936322256746,216.54,-2.78,0.39,1.48,59357427,218.37829530509578,217.29928385179832,224.22857142857143,220.86999999999998,215.32,231.15785900534453
2024-09-17,221.05117443294228,3.80335983757665,221.7238213453478,0.47,216.79,221.08726436008706,221.03925105100453,111.18170931000392,107.3168605419938,220.37560021302062,148.6155857564951,216.9,214.5,-0.6726469124055257,215.75,0.22,0.3,1.11,45519339,217.31943176836526,216.18089937246575,223.78761904761905,220.2942857142857,215.79,231.39433872277235
2024-09-18,220.99560913556655,3.798282541441365,221.64724198643316,3.9,220.69,220.54675544401402,220.94633308371013,111.13427779628732,107.18697635174475,220.51244791660045,148.38954066673824,222.71,217.54,-0.6516328508666049,217.55,1.8,0.39,2.38,59894928,219.56647725612174,215.9434349171173,223.54000000000002,220.26285714285717,219.69,231.13656508288275
2024-09-19,222.20705388394094,3.9388075942622405,222.18226109854922,8.18,228.87,220.02217410259283,220.84516869619358,111.08682730287407,107.05727144703414,220.66893632630286,148.16294989712918,229.82,224.63,0.024792785391724692,224.99,3.71,0.44,2.35,66781315,225.76882575204058,215.77476576385646,223.65238095238095,221.5142857142857,227.87,231.52999614090544
2024-09-20,223.1290455941039,4.071825240716149,222.6280195356937,-0.67,228.2,219.5162664584039,220.7356974359343,111.03935780199447,106.9277457926819,220.8457542613073,147.93581623544904,233.09,227.62,0.50102605841019,229.97,-0.29,2.1,2.39,318679888,227.38960858401353,215.59444475666294,223.73809523809524,222.30571428571426,227.2,231.88174571952754
2024-09-23,223.64303857962636,4.057616619770582,222.91261068119786,-1.73,226.47,219.0317373661213,220.6178600811383,110.99186926607753,106.7983993513694,221.04353308453375,147.7081424795987,229.45,225.81,0.730427898428502,227.34,-0.76,0.36,1.6,54146023,226.77653619467117,215.715242950935,223.83047619047616,222.8342857142857,225.47,231.94570943001733
2024-09-24,224.21641725968382,4.066455167961207,223.2427876677758,0.9,227.37,218.57124157434436,220.49159865846167,110.94436166775111,106.66923208364713,221.2628442942701,147.47993143753348,229.35,225.73,0.9736295919080362,228.645,0.4,0.29,1.6,43556068,227.17217873155707,215.72280394979182,223.85571428571424,223.53,226.37,231.98862462163666
2024-09-25,224.54773768127097,3.9894100277961866,223.4744330257183,-1.0,226.37,218.13737493569613,220.35685646047708,110.89683497984186,106.54024394794243,221.5041972281045,147.2511859271974,227.29,224.02,1.0733046555526755,224.93,-0.44,0.28,1.44,42308715,226.63739291051903,215.83832280155048,223.81714285714284,224.96571428571428,225.37,231.7959629127352
2024-09-26,225.00500880722927,4.034980727976748,223.77410465344286,1.15,227.52,217.73266569169235,220.21357806287836,110.84928917537546,106.41143490056663,221.76803688498802,147.0219087764574,228.5,225.41,1.2309041537864118,227.3,0.51,0.24,1.37,36636707,227.2257976368397,215.72289568690363,223.79285714285712,226.49857142857144,226.52,231.8628185988106
2024-09-27,225.43346899073248,3.897450718960155,224.07157838281745,0.27,227.79,217.3595658588969,220.06170934141952,110.80172422757677,106.28280489572313,222.05474187103653,146.7921028230372,229.52,227.3,1.3618906079150292,228.46,0.12,0.22,0.98,34025967,227.6019325456132,216.05986046684157,223.8547619047619,227.51285714285714,226.79,231.6496633426822
2024-09-30,226.59755068446592,4.275685971604445,224.73294294705317,5.21,233.0,217.02044274281462,219.9011974885826,110.75414010986982,106.15435388551485,222.36462247443865,146.56177091445144,233.0,229.65,1.86460773741274,230.04,2.29,0.36,1.47,54793391,231.20064418187107,215.45624710441015,224.00761904761904,228.10285714285715,232.0,232.55899099082794
2024-10-01,226.53792750224042,4.302953698074676,224.8423545806048,-6.79,226.21,216.71757060582414,219.7319910299702,110.70653679587811,106.02608181995193,222.69791887459473,146.3309159079393,229.65,223.74,1.6955729216356303,229.52,-2.91,0.42,2.54,63285048,227.87354806062368,215.26885450861255,223.8747619047619,227.81857142857143,225.21,232.48066930091125
2024-10-02,226.57516942497267,4.283816885292949,224.98588387093037,0.57,226.78,216.45312251522324,219.55403984041908,110.65891425942435,105.89798864695928,223.05479949034898,146.09954067039766,227.37,223.02,1.5892855540423056,225.89,0.25,0.22,1.92,32880605,227.1445160202079,215.49808051512838,224.06571428571428,227.86285714285714,225.78,232.63334805630018
2024-10-03,226.43591259036148,4.272331916115286,225.03655913975032,-1.11,225.67,216.22916239714763,219.367295159829,110.61127247453099,105.77007431238441,223.43535947190531,145.867648078315,226.805,223.32,1.3993534506111587,225.14,-0.49,0.23,1.54,34044158,226.16150534006928,215.7505742630075,224.2952380952381,227.62000000000003,224.67,232.83990192746867
2024-10-04,226.49192603799816,4.218173713248495,225.16718438865772,1.13,226.8,216.04763732172935,219.17170960870402,110.56361141541998,105.64233876000519,223.83961934073594,145.6352410177043,228.0,224.13,1.3247416493404387,227.9,0.5,0.25,1.71,37345098,226.5871684466898,216.0693668592173,224.50571428571428,227.68142857142857,225.8,232.94206171221126
2024-10-07,225.75316818599845,4.184859804151584,224.90961517468307,-5.11,221.69,215.9103700443895,218.96723720340145,110.51593105651315,105.51478193153751,224.26752378149567,145.40232238403615,225.69,221.33,0.8435530113153789,224.5,-2.25,0.26,1.92,39505354,223.32238948222994,216.1774232488397,224.54714285714286,226.84857142857143,220.69,232.91686246544603
2024-10-08,225.75575769584484,4.0451056848314115,224.9733473839658,4.08,225.77,215.81905182760434,218.7538333710839,110.46823137243206,105.387403766643,224.718940589655,145.16889508217173,225.98,223.25,0.7824103118790333,224.3,1.84,0.21,1.23,31855693,224.95412982740996,216.68836005890861,224.77857142857144,226.56,224.77,232.86878279823426
2024-10-09,226.337948819561,4.126288507067775,225.31161794811646,3.77,229.54,215.77523556685193,218.53145496437108,110.4205123379983,105.26020420293692,225.19365977824836,144.93496202629544,229.75,224.83,1.026330871444543,225.23,1.67,0.22,2.18,33591091,228.01137660913665,216.9750420334835,225.22761904761904,226.06571428571428,228.54,233.48019606175458
2024-10-10,226.753649001167,4.157540359823178,225.58779439640412,-0.5,229.04,215.78032924373844,218.30006027568714,110.37277392823347,105.13318317599587,225.6913928468154,144.70052613984748,229.5,227.17,1.1658546047628704,227.78,-0.22,0.19,1.02,28183544,228.69712553637888,217.21634785178222,225.53142857142856,226.47,228.04,233.8465092910749
2024-10-11,226.876164539449,4.107971198763893,225.73314295963345,-1.49,227.55,215.835589728515,218.05960905129996,110.32501611835931,105.0063406193657,226.21177221528043,144.46559035545656,229.41,227.34,1.143021579815553,229.3,-0.65,0.21,0.9,31759188,227.93237517879297,217.54310522151985,225.75904761904764,226.57999999999998,226.55,233.97499001657542
2024-10-14,227.556754610303,3.5992512381236375,226.14550274040135,3.75,231.3,215.94211695334369,217.8100625050474,110.27723888379784,104.87967646456924,226.75435082518212,144.23015761487173,231.73,228.6,1.4112518699016334,228.7,1.65,0.26,1.38,39882085,230.17745839293102,218.97959276184798,226.17809523809527,227.3842857142857,230.3,233.37659771434255
2024-10-15,228.5249462087179,3.1245149520618782,226.71620624111236,2.55,233.85,216.100848476734,217.55138333174853,110.22944220017138,104.75319064111426,227.31860191031575,143.99423086889507,237.49,232.37,1.8087399676055327,233.61,1.1,0.43,2.21,64751367,232.62581946431033,220.76382723873337,227.01285714285711,228.39142857142858,232.85,233.26188704698086
2024-10-16,229.02572371506898,2.8167717153122065,227.09130207510404,-2.07,231.78,216.31255445858065,217.28353572029462,110.18162604330269,104.62688307650129,227.9039189385075,143.7578130773132,232.12,229.84,1.9344216399649383,231.6,-0.89,0.23,0.97,34082240,232.06193982143677,222.0931232360423,227.7266666666667,229.83285714285714,230.78,233.3602100972911
2024-10-17,229.50638160505838,2.957262025194261,227.46602043991115,0.37,232.15,216.57783306416317,217.00648536641756,110.13379038921511,104.50075369623154,228.5096157258785,143.5209072088294,233.85,230.52,2.0403611651472318,233.43,0.16,0.22,1.44,32993810,232.12064660714557,222.35785690199242,228.27238095238096,230.74428571428572,231.15,234.1869050027695
2024-10-18,230.35155366581864,3.320689331000939,228.02409299991774,2.85,235.0,216.8971063143437,216.72019948513093,110.08593521413253,104.37480242381481,229.13492672460126,143.2835162409955,236.18,234.01,2.327460665900901,236.18,1.23,0.31,0.93,46431472,234.0402155357152,221.92290705228388,228.56428571428575,231.52428571428572,234.0,235.20566437628761
2024-10-21,231.29439156338503,3.716325434926964,228.6504564814053,1.48,236.48,217.27061639801028,216.42464682284128,110.0380604944796,104.24902918077736,229.77900748478612,143.04564316014296,236.85,234.45,2.64393508197972,234.45,0.63,0.24,1.02,36254470,235.66673851190504,221.52592055871747,228.9585714285714,232.58714285714288,235.48,236.3912222984253
2024-10-22,231.99679286132576,3.9854985491971058,229.18449674204197,-0.62,235.86,217.6984224615691,216.11979766912611,109.99016620688184,104.12343388667011,230.4409352907682,142.80729096131483,236.22,232.6,2.8122961192837863,233.885,-0.26,0.26,1.53,38846578,235.79557950396836,221.4347171873201,229.4057142857143,233.7742857142857,234.86,237.37671138410852
2024-10-23,231.8065170365064,3.9240219701848864,229.3012006870759,-5.1,230.76,218.18039788898994,215.80562386817493,109.94225232816555,103.99801645907621,231.1197099716978,142.5684626481967,235.144,227.76,2.505316349430501,234.08,-2.16,0.35,3.13,52286979,232.4385265013228,221.71909891677313,229.5671428571429,233.69714285714284,229.76,237.41518679751266
2024-10-24,231.61628364627464,3.8928794310379673,229.39518582136657,-0.19,230.57,218.71622808456448,215.48209882989022,109.89431883535813,103.8727768136194,231.814254885967,142.329161233048,230.82,228.41,2.221097824908071,229.98,-0.08,0.21,1.04,31109503,231.1928421671076,221.98138399506695,229.7671428571429,233.22857142857143,229.57,237.55290171921882
2024-10-25,231.58454770069395,3.8747284796374735,229.54443131608014,0.84,231.41,219.30540876914134,215.14919754064582,109.84636570568797,103.74771486397175,232.52341807863394,142.0893897366331,233.22,229.57,2.0401163846138104,229.74,0.36,0.26,1.58,38802304,231.33761405570252,222.20292399310603,229.95238095238096,233.1757142857143,230.41,237.7018379116559
2024-10-28,231.86384805443336,3.89169490222015,229.8300289963705,1.99,233.4,219.94724479916988,214.80689657369908,109.79839291658469,103.62283052186196,233.24597361063712,141.84915118815218,234.73,232.55,2.0338190580628748,233.32,0.86,0.24,0.94,36087134,232.71253801856753,222.4361340050835,230.2195238095238,233.3542857142857,232.4,238.0029136139641
2024-10-29,232.14171758452056,3.8585629655784532,230.11447129293563,0.27,233.67,220.64084951641019,214.4551740992538,109.75040044567915,103.49812369708305,233.98062305821924,141.6084486251718,234.325,232.32,2.0272462915849303,233.1,0.12,0.23,0.86,35417247,233.35084600618916,222.53430264027165,230.25142857142856,233.16428571428568,232.67,237.96855450258548
2024-10-30,231.827607186902,3.762424295635158,230.11339934531077,-3.57,230.1,221.3851446346636,214.09400989417205,109.70238827080357,103.3735942975008,234.72599718061716,141.36728509355598,233.47,229.55,1.714207841591218,232.61,-1.53,0.31,1.68,47070907,231.1836153353964,222.91181807539635,230.43666666666667,232.25285714285715,229.1,237.96151525793698
2024-10-31,230.91720608122478,3.7461549060851276,229.8020364308433,-4.19,225.91,222.17886066834458,213.7233853513306,109.65435636999159,103.24924222906158,235.48065775370424,141.12566364739624,229.83,225.37,1.115169650381489,229.34,-1.82,0.43,1.94,64370086,227.66787177846547,222.90292828306787,230.3952380952381,230.83142857142857,224.91,237.88754790740836
2024-11-01,229.6853282225748,4.04464831616284,229.2915152137438,-3.0,222.91,223.02053790615557,213.34328348862078,109.60630472147832,103.12506739580043,236.2430995669137,140.8835873489423,225.35,220.27,0.39381300883101744,220.965,-1.33,0.43,2.25,65276741,224.49595725948848,222.17451289148386,230.26380952380953,229.71,221.91,238.3531061561352
2024-11-04,228.50450849602484,4.00869856835921,228.7521437164294,-0.9,222.01,223.90852793155085,212.9536889575884,109.5582333037006,103.00106969984938,237.01175258040942,140.64105926853244,222.79,219.71,-0.2476352204045611,220.99,-0.4,0.3,1.38,44944468,222.8386524198295,222.01831714899586,230.03571428571428,228.48714285714286,221.01,238.0531114224327
2024-11-05,227.72689180432872,4.181198644731243,228.3593923300272,1.44,223.45,224.84099569008376,212.5545880517111,109.51014209529676,102.87724904144538,237.7849842391227,140.39808248452314,223.95,221.14,-0.6325005256984753,221.795,0.65,0.19,1.27,28111338,223.2462174732765,221.75712652006135,230.11952380952383,227.35,222.45,238.4819210989863
2024-11-06,226.9566007575089,4.514443953796145,227.94165956484,-0.73,222.72,225.81592210212966,212.14596871431135,109.46203107510709,102.75360531893857,238.56110193992063,140.15466008321977,226.065,221.19,-0.985058807331086,222.61,-0.33,0.36,2.18,54561121,222.89540582442547,220.94539780669342,229.9742857142857,225.8242857142857,221.72,239.003173621878
2024-11-07,227.03712371789217,4.545202908025636,227.90746256003703,4.76,227.48,226.83110721787202,211.72782054610224,109.41390022217361,102.63013842880032,239.3383556478369,139.91079515880597,227.875,224.57,-0.8703388421448608,224.625,2.14,0.28,1.48,42137691,225.95180194147517,220.7857846601392,229.87619047619046,224.94,226.48,238.96659629224172
2024-11-08,227.02525853052416,4.563259771071847,227.83728014818243,-0.52,226.96,227.88417390983085,211.30013481236432,109.3657495157403,102.5068482656316,240.11494065695584,139.66649081327387,228.66,226.405,-0.8120216176582744,227.17,-0.23,0.25,0.99,38328824,226.62393398049173,220.65062331499917,229.77714285714285,224.49142857142854,225.96,238.90366239928653
2024-11-11,226.59521875659738,4.719335925783309,227.57007421128006,-2.73,224.23,228.97257209661404,210.86290444975063,109.31757893525312,102.38373472217097,240.88900049122057,139.42175015635343,225.7,221.5,-0.9748554546826824,225.0,-1.2,0.28,1.85,42005602,225.02797799349722,220.180375767481,229.61904761904762,224.25142857142856,223.23,239.05771947061424
2024-11-12,226.23133894789007,4.746561525697581,227.3226613067408,0.0,224.23,230.09358348997887,210.41612407271845,109.26938846036015,102.26079768930288,241.6586299401151,139.17657630544207,225.59,223.355,-1.0913223588507321,224.55,0.0,0.27,1.0,40398299,224.49599266449908,219.78925790098575,229.28238095238092,224.44,223.23,238.7755040037761
2024-11-13,226.0603637251377,4.778761015530002,227.15950120994518,0.89,225.12,231.24432685571662,209.95978997958653,109.22117807091166,102.138037056066,242.42187822386583,138.93097238553452,226.65,222.76,-1.0991374848074713,224.01,0.4,0.32,1.73,48566217,224.91199755483305,219.30914463560663,228.86666666666665,224.8842857142857,224.12,238.42418869772666
2024-11-14,226.39261545973193,4.710655865763831,227.23805667587513,3.1,228.22,232.4217637773124,209.4939001582136,109.17294774696006,102.01545270966125,243.17675228250437,138.6849415291515,228.87,225.0,-0.8454412161432003,225.02,1.38,0.3,1.72,44923941,227.11733251827766,219.27583112561518,228.69714285714284,225.56571428571428,227.22,238.1184545886705
2024-11-15,226.1783669274655,4.5137526401191925,227.0722746998844,-3.22,225.0,233.62270490980646,209.01845429129926,109.12469746876017,101.8930445354603,243.92122018285548,138.4384868762696,226.92,224.27,-0.8939077724188849,226.4,-1.41,0.32,1.16,47923696,225.70577750609255,219.32916138642827,228.35666666666665,225.89142857142855,224.0,237.38417194690504
2024-11-18,226.4616950924708,4.052492767794454,227.142476573967,3.02,228.02,234.84381670977473,208.5334537613037,109.07642721676915,101.77081241701357,244.6532146372304,138.19161157424986,229.74,225.17,-0.6807814814962114,225.25,1.34,0.3,2.03,44686020,227.24859250203085,219.91930017869683,228.02428571428572,225.96857142857144,227.02,236.12927124987462
2024-11-19,226.74143430901375,3.564562238033857,227.22673756848798,0.26,228.28,236.08162862588193,208.0389016549851,109.02813697164663,101.64875623605883,245.37063662734622,137.94431877776734,230.16,226.66,-0.4853032594742217,226.98,0.11,0.24,1.53,36211774,227.93619750067694,220.50468504774182,227.63380952380953,226.15714285714287,227.28,234.76293399987725
2024-11-20,227.08890595378085,3.493653607294886,227.35809034119256,0.72,229.0,237.3325407330279,207.53480276755363,108.97982671425484,101.52687587252929,246.0713591267395,137.69661164873958,229.93,225.89,-0.2691843874117126,228.06,0.32,0.23,1.77,35169566,228.6453991668923,220.31983564255307,227.30714285714285,226.83857142857144,228.0,234.29445007173263
2024-11-21,227.3090742685838,3.4167814959289933,227.44415772332644,-0.48,228.52,238.5928317917245,207.0211636064405,108.93149642565855,101.40517120456198,246.7532309147058,137.44849335625577,230.155,225.71,-0.1350834547426416,228.88,-0.21,0.28,1.94,42108327,228.56179972229745,220.36691319861816,227.20047619047614,227.45142857142858,227.52,234.0340391823341
2024-11-22,227.70306284264785,3.3291558913360815,227.62384974382076,1.35,229.87,239.8586677129983,206.4979923946799,108.8831460871252,101.283642108506,247.41408047457182,137.19996707650512,230.72,228.06,0.07921309882709693,228.06,0.59,0.25,1.16,38168252,229.4339332407658,220.5088310744707,227.16714285714286,228.12999999999997,228.87,233.82545463981504
2024-11-25,228.49797625147124,3.276852268705911,228.01245346650072,3.0,232.87,241.1261104078316,205.96529907390448,108.83477568012503,101.16228845893114,248.0517199688955,136.95103599270587,233.245,229.74,0.48552278497052725,231.46,1.31,0.6,1.52,90152832,231.7246444135886,220.68296212925486,227.23666666666668,228.79428571428573,231.87,233.7903712040785
2024-11-26,229.5075183666295,3.4381322961252843,228.53449395046363,2.19,235.06,242.3911269989205,205.4230953069516,108.7863851863311,101.04111012863599,248.66394928399757,136.70170329503367,235.57,233.33,0.9730244161658845,233.33,0.94,0.3,0.96,45986189,233.94821480452956,220.4394496934637,227.31571428571428,230.23142857142855,234.06,234.19197887796486
2024-11-27,230.34174631022498,3.8163229411204425,229.00823513931817,-0.13,234.93,243.6495993713617,204.87139448007974,108.73797458761935,100.92010698865639,249.24856013604483,136.45197218054992,235.69,233.81,1.333511170906803,234.465,-0.06,0.22,0.8,33498439,234.60273826817652,219.74306840347342,227.3757142857143,231.21857142857144,233.93,235.0083601679552
2024-11-29,231.41686226249803,4.414401640489016,229.62466216603534,2.4,237.33,244.89733403776978,204.31021170479474,108.68954386606865,100.7992789082737,249.80334023074266,136.20184585313007,237.81,233.97,1.7922000964626932,234.805,1.02,0.19,1.63,28481377,236.42091275605887,218.89119671902196,227.72,232.51142857142855,236.33,236.54880328097803
2024-12-02,232.67426806826754,4.979338864524107,230.3628353389216,2.26,239.59,246.13007229229407,203.73956381928497,108.64109300396096,100.6786257550237,250.3260774685461,135.95132752339234,240.79,237.16,2.3114327293459382,237.27,0.95,0.32,1.53,48137103,238.53363758535295,218.41275084238035,228.37142857142857,234.02428571428572,238.59,238.33010630047679
2024-12-03,234.20899605776486,5.628496363792987,231.27299568418667,3.06,242.65,247.34350062702885,203.15946938946345,108.59262198378124,100.55814739470429,250.81456418716448,135.70042040862518,242.76,238.9,2.936000373578196,239.81,1.28,0.26,1.61,38861017,241.27787919511766,218.05443584384258,229.31142857142856,236.04285714285714,241.65,240.56842129901455
2024-12-04,235.56299666426258,6.163571653493964,232.14240341128396,0.36,243.01,248.53326138342456,202.56994870961844,108.54413078821771,100.43784369138447,251.26660143302382,135.44912773271597,244.11,241.25,3.4205932529786196,242.87,0.15,0.29,1.18,44383935,242.43262639837255,217.98428526444064,230.31142857142856,237.92000000000002,242.01,242.63857187841649
2024-12-05,236.71330486976063,6.454708175666386,232.9496327882259,0.03,243.04,249.69496361048874,201.97102380266995,108.49561940016169,100.31771450741255,251.6800032532463,135.19745272607852,244.54,242.13,3.763672081534736,243.99,0.01,0.26,0.99,40033878,242.83754213279084,218.33486936295296,231.24428571428572,239.37285714285713,242.04,244.1537020656185
2024-12-06,237.6558733513359,6.832595465187953,233.68225258169068,-0.2,242.84,250.82419410082767,201.36271842003336,108.44708780270791,100.19775970342472,252.05260099963334,134.94539862558142,244.63,242.08,3.973620769645237,242.905,-0.08,0.24,1.05,36870619,242.83918071093026,218.53719002200506,232.20238095238096,240.48428571428573,241.84,245.86757188275686
2024-12-09,239.0549697588227,7.406347633252726,234.65023387193582,3.91,246.75,251.91652857493034,200.74505804108858,108.39853597915439,100.07797913835357,252.3822476360661,134.69296867447557,247.24,241.75,4.4047358868868685,241.83,1.61,0.3,2.26,44649232,245.44639357031008,218.3073047334946,233.12000000000003,242.17285714285714,245.75,247.93269526650548
2024-12-10,240.39574364208073,7.731034178886488,235.6220683999406,1.02,247.77,252.96754298352337,200.11806987225515,108.34996391300253,99.95837266943629,252.66682204069923,134.440166122322,248.21,245.34,4.773675242140143,246.89,0.41,0.24,1.16,36914806,246.9954645234367,218.6488840231794,234.11095238095237,243.66428571428574,246.77,249.57302073872535
2024-12-11,241.33332154329906,7.761057036075242,236.42710037031534,-1.28,246.49,253.97282489734806,199.4817828456734,108.30137158795719,99.83894015222351,252.90423329429035,134.1869942249195,250.8,246.26,4.90622117298372,247.96,-0.52,0.3,1.83,45205814,246.6584881744789,219.6488383088019,235.1709523809524,244.65,245.49,250.6930664531029
2024-12-12,242.3528105366377,7.7998373803121615,237.28138923177346,1.47,247.96,254.92798495331368,198.83622761749106,108.25275898792685,99.7196814405877,253.09242494600045,133.93345624423233,248.74,245.68,5.071421304864231,246.89,0.6,0.22,1.24,32777532,247.52616272482632,220.7012776203281,236.30095238095242,245.40857142857143,246.96,251.90062714157673
2024-12-13,243.24160891561652,7.908871418014094,238.08499002941986,0.17,248.13,255.82866832568067,198.18143656575535,108.20412609702349,99.60059638673168,253.22937924800652,133.67955544831764,249.29,246.24,5.156618886196668,247.815,0.07,0.22,1.23,33155290,247.92872090827544,221.57892383063853,237.3966666666667,246.14000000000001,247.13,253.21440950269488
2024-12-16,244.44136139013705,7.824111770764341,239.04462039761097,2.91,251.04,256.67056619071326,197.51744378791184,108.1554728995628,99.48168484119716,253.31312135029418,133.42529511125298,251.38,247.65,5.396740992526077,247.99,1.17,0.34,1.5,51694753,250.00290696942514,222.83510979180465,238.48333333333335,247.28285714285715,250.04,254.13155687486204
2024-12-17,245.83192117626982,7.986163346777301,240.11390777556574,2.44,253.48,257.44942715312385,196.84428509790834,108.10679938006403,99.36294665287322,253.34172344704203,133.17067851306334,253.83,249.78,5.718013400704081,250.08,0.97,0.34,1.61,51356360,252.3209689898084,223.86719711596922,239.83952380952383,248.80285714285714,252.48,255.81185050307843
2024-12-18,246.1731640722283,7.618111314584883,240.70176645885718,-5.43,248.05,258.16106860260334,196.16199802290654,108.05810552325038,99.24438166900511,253.3133088660724,132.91570893964905,254.28,247.74,5.471397613371124,252.16,-2.14,0.38,2.58,56774101,249.47365632993615,225.55711070416356,240.79333333333332,248.98857142857145,247.05,256.0295559625031
2024-12-19,246.72960036880855,7.2435367016928565,241.37496894338628,1.74,249.79,258.8013879687959,195.47062179959994,108.0093913140487,99.12598973520258,253.22605609291887,132.66038968271246,252.0,247.095,5.354631425422269,247.5,0.7,0.4,1.98,60882264,249.68455210997868,227.33054564423333,241.81761904761905,249.27714285714288,248.79,256.30469245100477
2024-12-20,247.9235080043765,6.934508748307004,242.3464527253577,4.7,254.49,259.3663738432412,194.77019737013924,107.96065673758984,99.00777069544863,253.0782027211636,132.40472403968542,255.0,245.69,5.5770552790187935,248.04,1.88,0.98,3.73,147495267,252.88818403665957,229.16241107481454,243.03142857142856,250.42000000000002,253.49,256.9004460680426
2024-12-23,249.05373754216473,6.573884616325686,243.30375252347935,0.78,255.27,259.85211693705503,194.0607673776669,107.9119017792085,98.88972439210804,252.86804932081026,132.1487153136562,255.65,253.45,5.749985018685379,254.77,0.31,0.27,0.86,40858774,254.47606134555318,231.15746886258677,244.30523809523814,251.46428571428572,254.27,257.4530073278895
2024-12-24,250.46085484337016,6.548435148654069,244.40717826248084,2.93,258.2,260.25482084346737,193.34237616145936,107.86312642444328,98.77185066593596,252.59396321658969,131.89236681329658,258.21,255.29,6.0536765808893165,255.49,1.15,0.15,1.14,23234705,256.9586871151844,232.55741541697756,245.6542857142857,252.90285714285716,257.2,258.7511560115938
2024-12-26,251.77764640592858,6.576778346762203,245.48960950229707,0.82,259.02,260.57081257477114,192.6150697516803,107.81433065903694,98.65414935608665,252.25438216824705,131.63568185278888,260.1,257.63,6.288036903631507,258.19,0.32,0.18,0.96,27262983,258.33289570506145,233.74596711599938,246.89952380952377,254.04285714285717,258.02,260.0530805030482
2024-12-27,252.364162343478,6.10555784350061,246.237786576201,-3.43,255.59,260.79655284376776,191.87889586374394,107.76551446893626,98.53662030012201,251.84781794502575,131.37866375175273,258.7,253.06,6.126375767277011,257.83,-1.32,0.28,2.18,42355321,256.5042985683538,235.66602717014166,247.87714285714287,254.34428571428572,254.59,260.0882585441441
2024-12-30,252.33890659832755,5.550796623843911,246.6794320150009,-3.39,252.2,260.9286460604045,191.13390389229033,107.71667784029205,98.41926333402019,251.37285978674558,131.12131583517206,253.5,250.75,5.6594745833266416,252.23,-1.33,0.24,1.08,35557542,253.63476618945128,237.59793056183597,248.69952380952378,254.93714285714287,251.2,259.8011170572116
2024-12-31,252.04369019858484,5.0638787662497755,246.95651112500087,-1.78,250.42,260.96385001501284,190.38014490477394,107.66782075945949,98.30207829218449,250.82817774407334,130.86364143332182,253.28,249.43,5.087179073583968,252.44,-0.71,0.26,1.53,39480718,251.49158872981707,239.19509961035757,249.32285714285712,255.02714285714282,249.42,259.4506146753567
2025-01-02,250.7831224757256,4.9810149833681825,246.7263991898156,-6.57,243.85,260.8990852203385,189.61767163466587,107.61894321299779,98.18506500745174,250.21252589079864,130.6056438816947,249.1,241.82,4.05672328591001,248.93,-2.62,0.37,2.91,55740731,246.39719624327236,239.56368431897792,249.5257142857143,253.50714285714284,242.85,259.4877442524506
2025-01-03,249.6411036333063,4.956199838937655,246.4770362868663,-0.49,243.36,260.7314438854336,188.84653847427202,107.57004518767053,98.06822331110119,249.52474540115944,130.34732652092794,244.18,241.89,3.1640673464399924,243.36,-0.2,0.27,0.94,40244114,244.37239874775744,239.6471241316485,249.5595238095238,251.80571428571426,242.36,259.4719234873991
2025-01-06,248.9270876897207,4.831495900128554,246.36762619154288,1.64,245.0,260.4581984954339,188.06680146716792,107.52112667044553,97.95155303286293,248.7637674855066,130.08869269672957,247.33,243.2,2.559461498177825,244.31,0.67,0.3,1.7,45045571,244.7907995825858,239.99129391402857,249.6542857142857,249.92000000000002,244.0,259.3172775145428
2025-01-07,247.89368958360984,4.88231747725899,246.0596538810582,-2.79,242.21,260.0768099722808,187.27851830025253,107.47218764849504,97.83505400092704,247.92861617785974,129.82974575980566,245.55,241.35,1.8340357025516312,242.98,-1.14,0.27,1.71,40855960,243.07026652752862,239.85012695024392,249.6147619047619,247.51857142857145,241.21,259.3793968592799
2025-01-08,247.09466041690064,5.1012598032572445,245.81079063060943,0.49,242.7,259.58493539254874,186.48174829542143,107.42322810919569,97.71872604195194,247.01841096917659,129.57048906578632,243.712,240.05,1.2838697862912056,241.92,0.2,0.25,1.51,37628940,242.82342217584286,239.40557563158072,249.60809523809522,245.67714285714285,241.7,259.8106148446097
2025-01-10,245.51855881430052,5.853398922741455,245.1470283616754,-5.85,236.85,258.9804352397325,185.6765524008622,107.37424804012858,97.60256898107319,246.03236928045257,129.31092597515234,240.16,233.0,0.37153045262510886,240.01,-2.41,0.41,2.95,61710856,238.84114072528095,237.42986882118373,249.13666666666666,243.4842857142857,235.85,260.8434645121496
2025-01-13,243.80801130440815,6.71013253860121,244.3509521867365,-2.45,234.4,258.2613801695858,184.8629931819733,107.32524742907917,97.4865826419122,244.9698087700613,129.05105985316152,234.67,229.72,-0.5429408823283381,233.53,-1.03,0.33,2.09,49630725,235.88038024176032,235.07973492279757,248.5,241.1957142857143,233.4,261.92026507720243
2025-01-14,242.18831725757613,7.535963092944955,243.53088165438567,-1.12,233.28,257.42605726842936,184.04113481190882,107.27622626403762,97.37076684658518,243.83014947006686,128.79089406977542,236.12,232.472,-1.3425643968095358,234.75,-0.48,0.26,1.56,39435294,234.1467934139201,232.79902619506248,247.8709523809524,239.68571428571428,232.28,262.9428785668423
2025-01-15,241.52396075641056,7.859360008183236,243.11155708739412,4.59,237.87,256.4729757857146,183.21104306174976,107.22718453319855,97.25512141571163,242.6129157465567,128.53043199958532,238.96,234.43,-1.5875963309835583,234.635,1.97,0.26,1.94,39831969,236.62893113797338,231.67175617410973,247.3904761904762,238.90142857142857,236.87,263.1091962068427
2025-01-16,239.48335140927048,8.881222933293872,242.01144174758713,-9.61,228.26,255.4008723235694,182.37278529030604,107.1781222249612,97.13964616842318,241.31773807938694,128.26967702173866,238.01,228.03,-2.5280903383166446,237.35,-4.04,0.48,4.2,71759052,231.0496437126578,228.68183984769797,246.4442857142857,236.51,227.26,264.20673158087345
2025-01-17,238.0212973463058,9.408297835383914,241.12022384035845,1.72,229.98,254.20871546753696,181.52643043354934,107.12903932792953,97.02434092237247,239.94435465707198,128.00863251986547,232.29,228.48,-3.098926494052648,232.115,0.75,0.46,1.67,68488301,230.33654790421926,226.62483290066072,245.44142857142856,234.76285714285714,228.98,264.25802424219637
2025-01-21,235.6549439084126,10.618247402285162,239.75131837070225,-7.34,222.64,252.89570984425626,180.67204899368014,107.07993583091205,96.90920549374178,238.4926127829121,127.74730188200444,224.42,219.38,-4.096374462289646,224.0,-3.19,0.65,2.19,98070429,225.2055159680731,222.73636233828682,243.97285714285715,231.89714285714285,221.64,265.2093519474275
2025-01-22,233.8357217686568,11.40131936046427,238.57196145435393,1.19,223.83,251.46129959341044,179.80971302783166,107.03081172292215,96.79423969725201,236.96247008881193,127.48568850052918,224.12,219.79,-4.7362396856971145,219.79,0.53,0.43,1.94,64126500,224.28850532269107,220.01688508859527,242.81952380952382,230.03714285714287,222.83,265.62216253045233
2025-01-23,232.2702261119404,11.769014838318679,237.46737171699436,-0.17,223.66,249.90517124289576,178.93949613641186,106.98166699317788,96.67944334617125,235.35399555362127,127.22379577207445,227.03,222.3,-5.197145605053976,224.74,-0.08,0.4,2.11,60234760,223.86950177423034,218.03720841860073,241.5752380952381,228.50285714285715,222.66,265.1132677718754
2025-01-24,230.81019132548803,11.926659434417086,236.37941825647627,-0.88,222.78,248.22725597780914,178.06147345108678,106.93250163110207,96.56481625232364,233.66737032320592,126.96162709746211,225.63,221.41,-5.569226930988236,224.78,-0.39,0.36,1.89,54697907,223.1431672580768,216.21191922640392,240.0652380952381,227.00285714285715,221.78,263.91855696407225
2025-01-27,230.6640080446437,11.226585270843566,235.89649838562616,7.08,229.86,246.4277312955473,177.1757216224088,106.8833156263224,96.45035822609837,231.90288832984663,126.69918588162746,232.15,223.98,-5.2324903409824515,224.02,3.18,0.63,3.67,94863418,227.62105575269229,216.40206755355095,238.8552380952381,225.85857142857142,228.86,261.3084086369252
2025-01-28,231.8326221916216,10.070060366794891,236.0715725792835,8.4,238.26,244.5070220410124,176.28231880709,106.83410896867149,96.33606907645833,230.06095670895456,126.43647553354526,240.19,230.81,-4.238950387661902,230.85,3.65,0.5,4.08,75707569,234.71368525089744,217.76559355212447,237.90571428571425,227.28714285714287,237.26,258.04583501930404
2025-01-29,232.99068031598748,9.086305644461884,236.3151597956329,1.1,239.36,242.465800817652,175.38134465492675,106.78488164818674,96.22194861094901,228.14209601149267,126.17349946615573,239.855,234.01,-3.3244794796454187,234.12,0.46,0.3,2.45,45486100,237.81122841696583,218.79691252060007,236.96952380952385,228.62714285714287,238.36,255.14213509844762
2025-01-30,233.6982679596817,8.269151678080913,236.4095924033638,-1.77,237.59,240.30498777180424,174.47288029537455,106.73563365511045,96.10799663570718,226.14694021089167,125.91026109629048,240.79,237.21,-2.7113244436821162,238.665,-0.74,0.37,1.5,55658279,237.6637428056553,219.57407759621915,236.112380952381,230.76285714285714,236.59,252.65068430854282
2025-01-31,234.05238058126912,7.472433620444721,236.37925222533687,-1.59,236.0,238.02574974957344,173.55700832378068,106.68636497989004,95.99421295547009,224.076236503658,125.64676384459896,247.19,233.44,-2.326871644067751,247.19,-0.67,0.67,5.79,101075128,236.5545809352184,220.39608514006298,235.34095238095242,232.50142857142856,235.0,250.28581962184185
2025-02-03,233.12278356876618,7.27583057305105,235.7593076160527,-7.99,228.01,235.62949882721625,172.63381278727255,106.6370756131778,95.88059737358397,221.930844903276,125.38301113547384,231.83,225.7,-2.636524047286514,229.99,-3.39,0.49,2.6,73063301,230.8581936450728,219.7221483777074,234.27380952380952,233.12285714285713,227.01,248.82547066991162
2025-02-04,233.07312455818678,6.919619779739849,235.54009964449327,4.79,232.8,233.11789021777918,171.70337917030966,106.58776554583098,95.76714969201298,219.71173762742,125.11900639697734,233.13,226.65,-2.4669750863064905,227.25,2.1,0.3,2.84,45067301,232.15273121502426,219.90837948813933,233.74761904761903,234.55428571428573,231.8,247.58685860709872
2025-02-05,232.9803361646196,6.344759524401581,235.31268485601225,-0.33,232.47,230.4928195584732,170.7657943798993,106.53843476891197,95.6538697113483,217.41999827890075,124.85475306076724,232.67,228.27,-2.332348691392667,228.53,-0.14,0.26,1.89,39664989,232.36424373834143,220.53952857024447,233.22904761904763,234.92714285714285,231.47,245.9185666678508
2025-02-06,233.0172075239089,5.936430701618395,235.1576711629743,0.75,233.22,227.7564195850152,169.82114673048025,106.48908327368822,95.54075723081672,215.05682082118108,124.59025456202252,233.8,230.425,-2.140463639065416,231.285,0.32,0.2,1.45,29925349,232.9347479127805,220.7952338348585,232.66809523809528,234.20714285714286,232.22,244.54095664133206
2025-02-07,232.18840636638444,5.47045353179613,234.60006589164288,-5.59,227.63,224.9110562008819,168.86952592847837,106.43971105163222,95.42781204828974,212.62350834970715,124.32551433936962,234.0,227.26,-2.411659525258443,232.6,-2.4,0.26,2.89,39707224,229.39824930426016,221.03290246021726,231.9738095238095,232.53142857142856,226.63,242.91471658740176
2025-02-10,231.4901900023253,5.377386251346809,234.08524619596565,0.02,227.65,221.95932395112771,167.91102305653644,106.39031809442156,95.31503396029223,210.12147166070815,124.06053583480806,230.585,227.2,-2.595056193640346,229.57,0.01,0.22,1.49,33115645,228.2327497680867,220.50237035444928,231.2571428571429,231.11142857142858,226.65,242.0119153598365
2025-02-11,231.66400692504448,5.332301048808227,233.97670944070893,4.97,232.62,218.9040409120858,166.94573055742322,106.3409043939391,95.20242276201158,207.55222761952496,123.79532249363643,235.23,228.13,-2.312702515664455,228.2,2.18,0.36,3.12,53718362,231.15758325602891,220.39111218809782,231.0557142857143,230.62857142857143,231.62,241.72031638333075
2025-02-12,232.4649289365761,5.475543328134541,234.19102725991567,4.25,236.87,215.74824300991443,165.97374221762385,106.29146994227274,95.08997824730649,204.91739733092783,123.52987776437848,236.96,230.68,-1.7260983233395848,231.2,1.83,0.3,2.7,45243292,234.965861085343,220.22224667706428,231.17333333333335,231.8942857142857,235.87,242.12441998960242
2025-02-13,233.8595552540259,5.768181233133902,234.7346548702923,4.66,241.53,212.495177782556,164.9951531506163,106.24201473171557,94.97770020871583,202.21870411428387,123.26420509870849,242.34,235.57,-0.8750996162663967,236.91,1.97,0.36,2.86,53614054,239.3419536951143,220.02982800992265,231.56619047619046,233.1414285714286,240.53,243.10255294245826
2025-02-14,235.51193136879115,6.440277535811304,235.46542117619657,3.07,244.6,209.14829760123436,164.01005977983752,106.19253875476598,94.8655884374677,199.4579712868262,122.99830795137784,245.55,240.99,0.04651019259458167,241.25,1.27,0.27,1.89,40896227,242.84731789837144,219.00611159504405,231.88666666666666,234.87428571428572,243.6,244.76722173828927
2025-02-18,236.89009577359252,6.9850146932264465,236.1324270149968,-0.13,244.47,205.71125236913576,163.01855982134273,106.14304200412748,94.75364272348816,196.6371197586634,122.73218978014023,245.18,241.84,0.7576687585957131,244.15,-0.05,0.33,1.37,48822491,243.92910596612379,218.68854204211854,232.65857142857143,236.48142857142858,243.47,246.62860081502433
2025-02-19,238.117773346886,7.0528168319180145,236.77965464351556,0.4,244.87,202.18788171638104,162.02075226616233,106.09352447270895,94.64186285541032,193.75816544354964,122.46585404567786,246.01,243.16,1.3381187033704407,244.66,0.16,0.21,1.17,32204215,244.5563686553746,219.26198538378304,233.36761904761906,238.9442857142857,243.87,247.47325271145507
2025-02-20,239.3042697550574,7.114278748171745,237.45005059584773,0.96,245.83,198.58220671180715,161.0167373623599,106.04398615362447,94.53024862058334,190.8232164898079,122.19930421152738,246.78,244.29,1.8542191592096628,244.94,0.39,0.22,1.02,32316907,245.4054562184582,220.24334726556128,234.47190476190477,241.5414285714286,244.83,248.70046225824825
2025-02-21,240.26515133120242,6.959353626318943,238.05004684800718,-0.28,245.55,194.89842111342531,160.0066165967958,105.99442704019336,94.41879980508101,187.83447033616062,121.93254374400539,248.69,245.22,2.2151044831952333,245.95,-0.11,0.35,1.41,53197431,245.50181873948608,221.5874832235526,235.50619047619048,243.38857142857142,244.55,249.42489772882837
2025-02-24,241.31666651101742,6.62648948510107,238.72041374815478,1.55,247.1,191.14088218071134,158.99049267660044,105.94484712594027,94.30751619371112,184.79421059758275,121.66557611213473,248.86,244.42,2.5962527628626333,244.925,0.63,0.34,1.81,51326396,246.56727291316201,223.3694019821788,236.62238095238095,244.85,246.1,249.8753599225831
2025-02-25,242.19717935547627,6.722135684387099,239.3366793964396,-0.06,247.04,187.31410107310109,157.9684695103612,105.89524640459528,94.19639757002427,181.70480378663262,121.3984047875701,250.0,244.91,2.860499959036673,248.0,-0.02,0.32,2.06,48013272,246.8824243043873,224.33334767884486,237.77761904761905,245.63714285714286,246.04,251.22189041639325
2025-02-26,241.91453637771068,6.739935401169783,239.41248092262927,-6.68,240.36,183.4227328602124,156.94065218902753,105.84562487009363,94.08544371632267,178.56869587605158,121.13103324452389,244.98,239.13,2.502055455081404,244.33,-2.7,0.3,2.37,44433564,242.53414143479577,224.79774824527948,238.27761904761905,245.03142857142856,239.36,251.75748984995863
2025-02-27,241.20460770421673,6.738278301992273,239.25600085428638,-3.06,237.3,179.47156617039067,155.90714696653876,105.79598251657605,93.9746544136694,175.38840870875143,120.86346495969231,242.46,237.06,1.9486068499303428,239.41,-1.27,0.27,2.25,41153639,239.0447138115986,224.75534815792025,238.2319047619048,244.00714285714284,236.3,251.70846136588932
2025-02-28,241.30236036510647,6.78568974125497,239.4474081984133,4.54,241.84,175.46551250517,154.86806124017843,105.7463193383885,93.86402944189693,172.16653626161403,120.59570341218095,242.09,230.2,1.8549521666931525,236.95,1.91,0.38,5.01,56833360,240.90823793719952,224.77862051749003,238.34999999999997,243.5742857142857,240.84,251.9213794825099
2025-03-03,240.79892030893626,6.763235347807719,239.34241499853087,-3.81,238.03,171.4095952481588,153.82350353066062,105.69663533008243,93.75356857961668,168.90574076983134,120.32775208343102,244.027,236.112,1.4565053104053902,241.79,-1.58,0.31,3.27,47183985,238.98941264573318,224.84448168533694,238.3709523809524,242.46,237.03,251.89742307656783
2025-03-04,240.049855646023,6.335698752752066,239.08964351715818,-2.1,235.93,167.30893839769038,152.77358346195152,105.64693048641462,93.64327160422754,165.60874871879773,120.05961445714493,240.07,234.68,0.9602121288648107,237.705,-0.88,0.36,2.26,53798062,236.9498042152444,225.6962215421149,238.36761904761903,241.08571428571426,234.93,251.03901655312316
2025-03-05,239.38680093125024,6.220125125780066,238.84152177514645,-0.19,235.74,163.16875505332993,151.71841174083255,105.59720480234725,93.533138291925,162.27834671083815,119.79129401921254,236.55,229.23,0.5452791561037884,235.42,-0.08,0.31,3.1,47227643,236.14326807174814,226.29546403415418,238.73571428571432,239.46285714285713,234.74,251.17596453727447
2025-03-06,238.76267771105788,6.092887549070901,238.5814090510615,-0.41,235.33,158.99433568698504,150.6581001362079,105.54745827304784,93.42316841771013,158.91737721431525,119.52279425763675,237.86,233.158,0.18126865999636266,234.435,-0.17,0.3,1.99,45170419,235.60108935724938,226.67041537804872,238.8561904761905,237.79000000000002,234.33,251.0419655743323
2025-03-07,238.8099580632028,5.93018292087993,238.61760097320513,3.74,239.07,154.79103622994154,149.5927614581632,105.4976908938895,93.31336175539866,155.52873420289947,119.25411866245986,241.37,234.76,0.19235708999767098,235.105,1.59,0.31,2.81,46273565,237.91369645241647,227.31011034871634,239.1704761904762,237.6057142857143,238.07,251.03084203223605
2025-03-10,237.06688759194083,5.946016335713326,237.79259349370847,-11.59,227.48,150.56426600762165,148.52250953677793,105.44790266045058,93.20371807762986,152.11535869301275,118.98527072568916,236.16,224.22,-0.7257059017676397,235.54,-4.85,0.48,4.99,72071197,230.95789881747214,227.00511018571618,238.89714285714282,236.20285714285714,226.48,250.78917552856947
2025-03-11,234.5704433470268,6.792656251333584,236.53684582750785,-6.64,220.84,146.31947555425128,147.44745920069863,105.39809356851491,93.09423715587553,148.68023418766884,118.71625394122319,225.84,217.45,-1.9664024804810367,223.805,-2.92,0.51,3.69,76137410,224.2126329391574,224.98849702114236,238.57380952380953,233.2028571428571,219.84,252.1591220264767
2025-03-12,231.86422129363808,8.31093927184903,235.08819058102577,-3.86,216.98,142.0621443399163,146.36772625547627,105.34826361407181,92.98491876044903,145.2263820351288,118.4470718047776,221.75,214.91,-3.223969287387689,220.14,-1.75,0.42,3.1,62547467,219.3908776463858,221.44383574201623,238.06571428571428,230.19571428571427,215.98,254.68759282941232
2025-03-13,228.45126417153992,10.499432704040833,233.20610238983866,-7.3,209.68,137.79776844268463,145.2834274616737,105.29841279331595,92.87576266051443,141.75685671096426,118.17772781381127,216.839,208.42,-4.754838218298744,215.95,-3.36,0.41,3.88,61368330,212.91695921546193,215.97446792525164,236.9733333333333,226.4457142857143,208.68,257.97219874141496
2025-03-14,226.14953122207226,11.666878568312045,231.74565036096172,3.81,213.49,133.53184819857807,144.19468051274765,105.24854110264755,92.76676862409523,138.27474103228613,117.90822546745244,213.95,209.58,-5.596119138889463,211.25,1.82,0.4,2.08,60107582,213.29898640515398,212.52624286337593,235.86,223.2671428571429,212.49,259.19375713662413
2025-03-17,223.81098795713805,12.67960602280423,230.2051577416312,-2.541,210.949,129.26987586218516,143.10160401271074,105.19864853867216,92.65793641808365,134.78314131303694,117.63856826642457,214.97,209.98,-6.394169784493158,213.36,-1.19,0.12,2.34,17684030,211.732328801718,209.04454985915345,234.40376190476192,219.78414285714285,209.949,259.7629739503704
